anime_id,name,genre,type,episodes,rating,members
17209,Suzy&#039;s Zoo: Daisuki! Witzy - Happy Birthday,Kids,Special,1,6.17,158
173,Tactics,"Comedy, Drama, Fantasy, Mystery, Shounen, Super Power",TV,25,7.34,27358
3616,Kamen no Maid Guy,"Action, Comedy, Ecchi, Super Power",TV,12,7.14,27761
18799,Take Your Way,"Action, Music, Seinen, Supernatural",Music,1,6.66,1387
18831,Rinkaku,"Dementia, Horror, Music",Music,1,5.6,606
23319,"Suisei no Gargantia: Meguru Kouro, Haruka","Action, Adventure, Mecha, Sci-Fi",OVA,2,7.46,20151
2983,Digital Devil Story: Megami Tensei,"Adventure, Demons, Drama, Fantasy, Horror, Mystery, Psychological, School, Supernatural",OVA,1,5.42,2660
21797,Chuunibyou demo Koi ga Shitai! Ren Lite,"Comedy, School",ONA,6,7.22,31544
19585,Kobo-chan,"Comedy, Kids, Slice of Life",TV,63,6.72,160
20371,Sekaiichi Hatsukoi Movie: Yokozawa Takafumi no Baai,"Comedy, Drama, Romance, Shounen Ai",Movie,1,8.2,23045
10624,Mardock Scramble: The Second Combustion,"Action, Psychological, Sci-Fi",Movie,1,7.5,23866
23345,Yukiguni no Oujisama,Slice of Life,Movie,1,7.0,62
22943,Mugen Senshi Valis,"Action, Adventure, Fantasy",Special,1,5.75,215
33685,Cyborg 009: Call of Justice 1,"Action, Adventure, Mecha, Sci-Fi, Shounen",Movie,1,4.5,721
33988,Demi-chan wa Kataritai,"Comedy, Fantasy, School, Seinen",TV,Unknown,,6252
16642,Ane Koi: Suki Kirai Daisuki.,Hentai,OVA,2,6.98,4115
4186,Chrome Shelled Regios,"Action, Adventure, Fantasy, School, Sci-Fi",TV,24,7.57,103615
2226,Mori no Tonto-tachi,"Fantasy, Kids",TV,23,6.23,278
5819,Tori no Uta,Fantasy,OVA,1,6.58,2426
2490,One Piece: Mezase! Kaizoku Yakyuu Ou,"Comedy, Fantasy, Shounen, Sports",Movie,1,7.2,20054
27417,Diabolik Lovers OVA,"Harem, School, Shoujo, Vampire",OVA,1,6.06,13638
32032,Seikaisuru Kado,,,Unknown,,1797
13183,Fate/Zero Remix,"Action, Fantasy, Supernatural",Special,2,7.26,10824
1548,Shin Taketori Monogatari: 1000-nen Joou,"Drama, Mystery, Sci-Fi",TV,42,7.45,1805
2212,Bakuretsu Tenshi: Infinity Specials,"Action, Mecha, Sci-Fi",Special,3,6.92,4678
1245,Shihaisha no Tasogare,"Action, Demons, Drama, Horror, Sci-Fi, Shoujo, Supernatural",OVA,1,6.03,4377
2963,Minami-ke,"Comedy, School, Slice of Life",TV,13,7.81,105471
21407,Happiness Charge Precure!,"Action, Fantasy, Magic, Shoujo",TV,49,6.91,4884
18343,Girls und Panzer: Fushou - Akiyama Yukari no Sensha Kouza,"Military, School",Special,6,7.04,5867
20877,Music S.T.A.R.T!!,Music,Music,1,7.33,5729
2492,Touch 2: Sayonara no Okurimono,"Drama, Romance, Sports",Movie,1,6.99,1076
6840,Maabou no Daikyousou,"Comedy, Sports",Movie,1,4.59,483
30144,Nyuru Nyuru!! Kakusen-kun 2nd Season,Comedy,TV,13,5.1,152
9973,Xi Yang Yang Yu Hui Tai Lang: Zhi Hu Hu Sheng Wei,"Adventure, Comedy, Kids",Movie,1,5.26,143
12521,Tentoumushi no Otomurai,Music,Music,1,5.34,309
29947,Chibikuro Sambo no Tora Taiji,Kids,Movie,1,5.8,57
5305,Koihime†Musou OVA,"Comedy, Fantasy, School",OVA,1,6.75,7747
20873,Hana no Zundamaru,"Comedy, Martial Arts, Parody",ONA,8,5.1,145
25055,Furifure The Animation,Hentai,OVA,1,6.37,1832
23321,Log Horizon 2nd Season,"Action, Adventure, Fantasy, Game, Magic, Shounen",TV,25,7.66,215817
2137,Haitokuzuma,Hentai,OVA,2,6.17,2446
6305,Life no Color,"Music, School",Movie,1,5.75,1441
4726,Druaga no Tou: The Sword of Uruk,"Adventure, Fantasy",TV,12,7.39,46237
30817,Netoraserare,Hentai,OVA,2,5.68,1549
22385,a_caFe,"Fantasy, Music",Music,1,4.91,343
3946,Jarinko Chie,"Comedy, Drama, Slice of Life",Movie,1,7.26,1406
22099,Hero Bank,"Game, Kids",TV,51,6.15,1946
4823,Youkai Ningen Bem (2006),Horror,TV,26,5.93,1070
746,Papa to Kiss in the Dark,"Comedy, Drama, Romance, Yaoi",OVA,2,6.47,28620
1737,Uchuu Senshi Baldios,"Adventure, Drama, Mecha, Sci-Fi, Shounen, Space",TV,34,6.79,600
21467,Ikkyuu-san to Yancha Hime,"Comedy, Historical, Kids",Movie,1,6.31,89
17211,Shouwa Ahozoushi Akanuke Ichiban!,"Comedy, Shoujo",TV,22,7.28,246
887,Megami Kouhosei Special Curriculum,"Action, Mecha, Military, Sci-Fi, Space",OVA,1,6.46,3710
32133,Kemushi no Boro,Kids,Movie,1,,286
22621,Ahiru no Pekkle no Hihou wo Sagase,"Adventure, Fantasy, Kids",OVA,1,4.8,103
33583,Nana Moon,"Fantasy, Kids",TV,52,6.0,36
34497,Death March kara Hajimaru Isekai Kyousoukyoku,Fantasy,TV,Unknown,,240
11887,Kokoro Connect,"Comedy, Drama, Romance, School, Slice of Life, Supernatural",TV,13,8.01,283847
18771,Gifuu Doudou!!: Kanetsugu to Keiji,"Action, Historical, Martial Arts, Samurai, Seinen",TV,25,6.56,5511
30400,Yakusoku,Dementia,Movie,1,5.04,107
13055,Sankarea OVA,"Comedy, Ecchi, Horror, Romance, Shounen, Supernatural",OVA,2,7.35,51997
10017,Dragon Ball: Super Saiya-jin Zetsumetsu Keikaku,"Adventure, Fantasy, Martial Arts, Sci-Fi, Shounen, Super Power",OVA,1,7.07,15280
17949,The Everlasting Guilty Crown,Music,Music,1,8.0,11663
13231,Metal Fight Beyblade Zero G,"Adventure, Sports",TV,38,6.59,3533
3093,Kekkai,Hentai,OVA,1,5.5,945
28367,Dr. Slump: Arale-chan &#039;92 Oshougatsu Special,"Comedy, Sci-Fi, Shounen, Shounen",Special,3,6.19,196
7066,Mahoromatic: I&#039;m Home!,"Comedy, Ecchi, Romance, Sci-Fi",Special,2,7.18,5760
8553,Time Bokan Series: Time Patroltai Otasukeman,"Action, Adventure, Comedy, Sci-Fi",TV,53,6.51,341
3806,Sasuga no Sarutobi,"Action, Adventure, Comedy, Martial Arts, Romance, Sports",TV,69,6.73,483
20673,Hinata no Aoshigure,"Adventure, Fantasy, Romance",Movie,1,7.16,6970
30664,Jinkou no Rakuen,Dementia,Movie,1,4.71,133
2945,Hitozuma Ryoujoku Sankanbi,Hentai,OVA,2,6.44,2486
27521,Gra-P &amp; Rodeo,"Comedy, Music",TV,61,5.6,163
9606,Kaba no Potomasu,Kids,Movie,1,6.13,68
7748,Sono Hanabira ni Kuchizuke wo: Anata to Koibito Tsunagi,"Hentai, School, Yuri",OVA,1,7.4,24288
5260,Pankunchi,"Adventure, Kids",ONA,10,5.95,210
23237,Chuunibyou demo Koi ga Shitai! Ren Specials,Comedy,Special,7,7.17,20337
15393,Sakura no Ondo,Drama,Movie,1,6.38,1498
13499,Himitsukessha Taka no Tsume THE PLANETARIUM: Burabura! Black Hole no Nazo,"Adventure, Comedy, Parody, Space",Special,1,4.33,82
10330,Bakugan Battle Brawlers: Mechtanium Surge,"Action, Adventure, Fantasy, Game, Shounen",TV,46,6.29,8662
11743,Toaru Majutsu no Index: Endymion no Kiseki,"Action, Magic, Sci-Fi, Super Power",Movie,1,7.71,54873
857,Air Gear,"Action, Comedy, Ecchi, Shounen, Sports",TV,25,7.69,194611
8539,Toilet no Hanako-san,Horror,Movie,1,5.87,224
314,Ace wo Nerae! 2,"Drama, Shoujo, Sports",OVA,13,6.81,890
32572,Neko Neko Nihonshi,"Historical, Parody",TV,Unknown,5.9,612
15451,High School DxD New,"Action, Comedy, Demons, Ecchi, Harem, Romance, School",TV,12,7.87,266657
3279,Kinnikuman: Seigi Choujin vs. Senshi Choujin,"Action, Comedy, Shounen, Sports",Movie,1,6.22,282
22131,Train Heroes Movie,Kids,Movie,1,6.25,61
22645,Kero Kero Keroppi no Sora wo Tobetara,"Adventure, Kids",OVA,1,6.45,69
33877,Kochira Katsushikaku Kameari Kouenmae Hashutsujo: Hashire! Ryoutsu-shiki Chinchin Densha,"Comedy, Police",Special,1,7.0,108
1790,Tactical Roar Special,"Action, Comedy, Ecchi, Military, Romance, Sci-Fi",Special,1,5.98,1252
10751,Kikou Kai Galient OVA,"Action, Fantasy, Mecha, Sci-Fi",OVA,3,6.19,328
9257,Denki Musou Hana,Hentai,OVA,2,5.14,393
6749,Prince of Tennis: The Band of Princes Film Kick the Future,"Action, Music",Music,1,7.1,3826
2670,Doraemon Movie 12: Nobita no Dorabian Nights,"Adventure, Comedy, Fantasy, Kids, Shounen",Movie,1,7.37,1833
12157,Busou Chuugakusei: Basket Army,"Action, Military",ONA,5,6.04,4046
13655,Little Busters!,"Comedy, Drama, School, Slice of Life, Supernatural",TV,26,7.64,138655
2736,Mojakou,"Comedy, Fantasy, Sci-Fi",TV,74,7.34,1218
8899,Kaitei Shounen Marine,"Action, Adventure, Kids, Sci-Fi",TV,65,6.49,213
8754,Tales of the Abyss Special Fan Disc,"Comedy, Slice of Life",Special,2,6.89,2975
24075,Persona 4 the Golden Animation,"Adventure, Mystery, School, Sci-Fi, Super Power, Supernatural",TV,12,6.75,39165
10189,Hunter x Hunter Pilot,"Action, Adventure, Shounen, Super Power",OVA,1,7.37,10375
29271,Hangyodon no 007/2: Doctor Sunday Arawaru no Maki,"Kids, Parody",OVA,1,7.0,51
74,Gakuen Alice,"Comedy, Magic, School, Shoujo",TV,26,7.8,52995
30411,Happy Jozy,Comedy,TV,Unknown,5.38,211
7473,Rennyo to Sono Haha,Historical,Movie,1,6.21,132
24803,Tobidasu Ehon 3D,Kids,Movie,1,5.33,42
15313,Wooser no Sono Higurashi,"Comedy, Fantasy, Slice of Life",TV,12,6.36,8081
8550,Dr. Slump Movie 10: Arale no Bikkuriman,"Comedy, Sci-Fi, Shounen",Movie,1,6.34,513
12187,Carnival Phantasm EX Season,"Comedy, Supernatural",OVA,1,7.56,22955
7465,Eve no Jikan (Movie),"Sci-Fi, Slice of Life",Movie,1,8.26,66376
3505,Yuusha Shirei Dagwon,"Action, Adventure, Martial Arts, Mecha, School, Super Power",TV,48,7.21,689
8966,Tottoko Hamtarou OVA 4: Hamuchanzu no Mezase! Hamuhamu Kin Medal - Hashire! Hashire! Daisakusen,"Adventure, Comedy, Kids",OVA,1,6.55,738
4440,Sugata Sanshirou,"Action, Martial Arts, Sports",Special,1,6.65,158
2958,Hitozuma Cosplay Kissa,Hentai,OVA,2,6.12,2856
28087,Ehon Yose,"Historical, Horror, Kids",TV,50,5.25,99
31640,Fuusen Inu Tinny 2nd Season,"Adventure, Kids",TV,Unknown,3.75,87
32792,Mobile Suit Gundam Unicorn RE:0096,"Action, Drama, Mecha, Military, Sci-Fi, Space",TV,22,7.56,9767
30663,Docchi mo Maid,"Action, Comedy, Ecchi, Yuri",ONA,1,5.15,223
28247,Pankis! 2-jigen,"Comedy, Music",TV,24,6.08,331
10533,Fujilog,Comedy,TV,13,5.75,275
1438,Lupin III: Lupin Ansatsu Shirei,"Action, Adventure, Comedy, Shounen",Special,1,7.08,3006
86,Mobile Suit Gundam ZZ,"Comedy, Drama, Mecha, Military, Sci-Fi, Space",TV,47,6.81,17517
9759,Future GPX Cyber Formula Graffiti,"Action, Sci-Fi, Sports",OVA,1,6.55,223
32551,Digimon Adventure tri. 3: Kokuhaku,"Action, Adventure, Comedy, Drama",Movie,1,8.13,20989
4975,ChäoS;HEAd,"Harem, Mystery, Psychological, Sci-Fi, Supernatural",TV,12,6.62,174337
31300,Irodorimidori: Change Our Mirai!,Music,Music,1,5.85,721
2250,Roots Search: Shokushin Buttai X,"Horror, Sci-Fi",OVA,1,4.34,1328
7175,Himitsukessha Taka no Tsume Countdown,"Comedy, Parody, Super Power",TV,12,6.17,179
16606,C.L.A.Y.,Horror,ONA,1,3.84,1104
12163,Ginga Tetsudou 999: Hoshizora wa Time Machine,"Drama, Sci-Fi",Movie,1,6.99,443
17991,Super Real Mahjong: Kasumi Miki Shouko no Hajimemashite,"Comedy, Ecchi, Game",OVA,1,5.76,161
1017,Majutsushi Orphen,"Action, Adventure, Comedy, Demons, Fantasy, Magic",TV,24,7.3,20105
1922,Urusei Yatsura Movie 3: Remember My Love,"Action, Adventure, Comedy, Drama, Romance, Sci-Fi",Movie,1,7.17,2897
19773,Akuma Tou no Prince: Mitsume ga Tooru,"Adventure, Comedy, Demons, Supernatural",Special,1,4.96,149
7597,"Boku, Otaryman.","Comedy, Seinen, Slice of Life",OVA,1,6.25,3294
6164,Aoi Hana,"Romance, Shoujo Ai, Slice of Life",TV,11,7.29,43279
5561,Yayoi,Hentai,OVA,1,4.94,340
33888,Omoi Au Christmas 2011,Fantasy,Special,3,4.67,35
12657,Tongari Boushi no Memole: Marielle no Housekibako,"Fantasy, Magic, Shoujo",OVA,1,6.4,185
192,Love Hina Haru Special: Kimi Sakura Chiru Nakare!!,"Adventure, Comedy, Romance",Special,1,7.31,40858
18643,Kita e: Pure Session,Music,Music,1,5.99,212
103,Akazukin Chacha,"Adventure, Comedy, Fantasy, Magic, Romance, Shoujo",TV,74,7.48,7581
6148,Yurumates,"Comedy, Seinen, Slice of Life",OVA,1,6.5,4549
2947,Ojamajo Doremi Sharp Movie,"Kids, Magic, Shoujo",Movie,1,7.29,2037
1482,D.Gray-man,"Action, Adventure, Comedy, Shounen",TV,103,8.2,334399
21293,Sore Ike! Anpanman: Shabondama no Purun,"Comedy, Fantasy, Kids",Movie,1,5.41,73
740,Bishoujo Senshi Sailor Moon R,"Demons, Magic, Romance, Shoujo",TV,43,7.74,73305
886,Amaenaide yo!! Katsu!!,"Comedy, Ecchi, Harem, Romance, Supernatural",TV,12,6.89,33573
1089,Macross: Do You Remember Love?,"Action, Mecha, Military, Music, Romance, Sci-Fi, Space",Movie,1,8.09,19240
2281,Jikuu Tantei Genshi-kun,"Adventure, Comedy, Fantasy, Mystery, Sci-Fi, Shounen",TV,39,6.39,5541
1580,Mouryou Senki Madara,"Adventure, Demons, Shounen, Supernatural",OVA,2,6.4,813
4480,Ryoujoku Guerrilla Kari 3,Hentai,OVA,2,6.15,1224
32455,Gekidol,Music,,Unknown,,586
4014,Choujin Locke: Lord Leon,"Action, Sci-Fi, Super Power",OVA,3,6.37,483
2259,Dr. Rin ni Kiitemite!,"Comedy, Fantasy, Magic, Romance, School, Shoujo",TV,51,6.95,1904
10139,21 Seiki Manga Hajimete Monogatari,"Adventure, Comedy, Kids, Sci-Fi",Special,1,6.63,258
3641,Naisho no Tsubomi,"Kids, Romance, School, Shoujo, Slice of Life, Supernatural",OVA,3,6.72,5135
25099,Ore ga Ojousama Gakkou ni &quot;Shomin Sample&quot; Toshite Gets♥Sareta Ken,"Comedy, Ecchi, Harem, Romance, School",TV,12,7.06,77774
1728,Super GALS! Kotobuki Ran,"Comedy, Shoujo, Slice of Life",TV,52,7.57,10369
22789,Barakamon,"Comedy, Slice of Life",TV,12,8.5,225927
1749,Amaenaide yo!!: Yasumanaide yo!!,"Comedy, Ecchi, Romance, Supernatural",Special,1,6.81,10549
1283,Choujuu Densetsu Gestalt,"Adventure, Comedy, Fantasy, Shoujo",OVA,2,6.26,2601
5647,Doukyuusei 2 (OVA) Special: Sotsugyousei,"Ecchi, Harem, School",OVA,3,5.78,526
9690,Densetsu no Yuusha no Densetsu: Iris Report,"Action, Adventure, Fantasy, Magic, Shounen",Special,1,6.58,11765
12455,Yuu☆Yuu☆Hakusho: Mu Mu Hakusho,Comedy,OVA,4,6.81,3670
1506,Detective Conan Movie 10: Requiem of the Detectives,"Adventure, Comedy, Mystery, Police, Shounen",Movie,1,8.21,21789
1820,Power Dolls,"Action, Adventure, Mecha, Sci-Fi",OVA,2,5.65,921
11123,Sekaiichi Hatsukoi 2,"Comedy, Drama, Romance, Shounen Ai",TV,12,8.31,69253
866,Slayers Premium,"Adventure, Comedy, Fantasy, Magic, Shounen",Movie,1,7.32,13008
10209,Kore wa Zombie Desu ka? OVA,"Action, Comedy, Ecchi, Harem, Magic, Supernatural",OVA,2,7.57,73826
33538,Shima Kousaku no Asia Risshi-den,"Drama, Seinen",TV,26,6.0,92
33960,Chou Do M na Hentai Mesu-tachi Otokoton Choukyou Itashimasu!,Hentai,OVA,Unknown,8.38,161
175,Tokyo Underground,"Action, Adventure, Romance, Sci-Fi, Shounen, Super Power",TV,26,6.74,17920
3465,Nagasaki 1945: Angelus no Kane,"Drama, Historical, Military",Movie,1,6.61,346
33357,Wo Jiao Bai Xiaofei,"Action, Comedy, Horror",ONA,39,7.2,163
4187,Megumi,Historical,ONA,1,6.25,1105
6133,Violence Gekiga Shin David no Hoshi: Inma Densetsu,Hentai,OVA,1,4.98,175
34048,Seoul-yeok,"Horror, Thriller",Movie,1,6.18,405
23347,Gan to Gon,"Comedy, Kids",TV,260,6.7,61
1709,Pokemon: Mewtwo! Ware wa Koko ni Ari,"Action, Adventure, Comedy, Drama, Fantasy, Kids",Special,1,7.14,38638
26091,Koe wo Kikasete,"Drama, Kids",OVA,1,8.33,47
8423,Ookiku Furikabutte: Natsu no Scorebook,"Comedy, Sports",OVA,2,7.39,2167
10112,Alexandros no Ketsudan,Historical,OVA,1,5.48,212
17603,Mr. Pen Pen,"Comedy, Kids, Shoujo",Special,1,6.13,74
25117,Ryuugajou Nanana no Maizoukin (TV) Specials,Comedy,Special,6,6.74,3689
7759,Saki Picture Drama,"Comedy, Slice of Life",Special,7,6.34,2767
15807,Ro-Kyu-Bu!: Tomoka no Ichigo Sundae,"Comedy, Ecchi, School, Sports",OVA,1,7.12,10122
31517,Ninja-tai Gatchaman ZIP!,"Comedy, Parody",TV,475,5.5,146
23701,Toradora! OVA,"Comedy, Romance, School, Slice of Life",OVA,1,7.72,25154
27943,Nano Invaders,"Action, Adventure, Shounen, Super Power",TV,52,7.08,519
30948,Kowabon,Horror,TV,13,5.33,21026
16319,Asako Get You!!,"Comedy, Romance, School, Seinen, Slice of Life",OVA,2,5.91,2619
32629,Subarashii Sekai Ryokou: New York Tabi &quot;Computopia Seireki Nisennen no Monogatari&quot;,Sci-Fi,Special,2,8.0,35
33244,Kiitarou Shounen no Youkai Enikki,"Comedy, Supernatural",TV,12,5.97,11986
22567,Osaru no Monkichi no Kin no Ono Gin no Ono,Kids,OVA,1,5.05,81
870,Dragon Half,"Comedy, Fantasy, Parody",OVA,2,7.05,11596
5725,Kodai Ouja Kyouryuu King: Yokuryuu Densetsu,"Action, Adventure, Game, Kids, Sci-Fi",TV,30,6.32,1710
3501,Wellber no Monogatari: Sisters of Wellber Zwei,"Adventure, Fantasy, Historical, Romance",TV,13,7.0,3038
121,Fullmetal Alchemist,"Action, Adventure, Comedy, Drama, Fantasy, Magic, Military, Shounen",TV,51,8.33,600384
604,Mahou no Stage Fancy Lala,"Comedy, Drama, Magic, Music, Romance, Shoujo",TV,26,7.18,5991
9768,Shima Shima Tora no Shimajirou,"Adventure, Comedy, Fantasy, Kids, Magic",TV,726,6.25,237
24773,Norasco,"Comedy, Slice of Life",ONA,Unknown,4.75,93
1972,Meitantei Holmes,"Adventure, Comedy, Mystery",TV,26,7.46,3985
2435,Choubatsu Yobikou,"Hentai, School",OVA,2,6.14,1818
30410,Gon 2nd Season,"Action, Adventure, Kids",TV,26,5.92,141
7581,Otome Chibaku Yuugi,Hentai,OVA,2,6.56,2552
7862,Transformers: Robot Masters,Mecha,Special,2,5.69,485
13223,Bible Black: New Testament Recap,Hentai,OVA,1,6.6,2777
33144,Jiok,"Drama, Fantasy, Horror",Movie,1,6.22,121
15813,Majokko Shimai no Yoyo to Nene,"Fantasy, Magic",Movie,1,7.65,8698
13501,Cofun Gal no Coffy,"Comedy, Historical, Parody",ONA,10,4.45,75
21161,Wansa-kun OVA,"Comedy, Kids",OVA,1,6.57,62
145,Kareshi Kanojo no Jijou,"Comedy, Drama, Romance, School, Shoujo, Slice of Life",TV,26,7.66,94165
3873,Honey Honey no Suteki na Bouken,"Adventure, Historical, Shoujo",TV,29,6.58,386
30061,Genki Bakuhatsu Ganbaruger: Hyakka,"Action, Mecha, Shounen",OVA,1,6.14,70
32313,Concrete Revolutio: Choujin Gensou - The Last Song,"Action, Demons, Drama, Fantasy, Mystery, Sci-Fi, Super Power, Supernatural",TV,11,7.23,16116
30453,Dr. Slump: Arale-chan Ayaya!? Penguin Mura de TV Jack,"Comedy, Sci-Fi, Shounen",Special,1,7.11,152
11981,Mahou Shoujo Madoka★Magica Movie 3: Hangyaku no Monogatari,"Drama, Magic, Psychological, Thriller",Movie,1,8.5,135735
220,Kuro no Danshou,"Hentai, Horror",OVA,4,6.05,1388
1451,Shuranosuke Zanmaken: Shikamamon no Otoko,"Action, Historical, Supernatural, Thriller",Movie,1,4.95,2229
30573,Break Blade: Virgins War,Action,Special,1,6.58,1876
4717,Chijoku Kankin,Hentai,OVA,1,5.82,951
31948,Sora no Arawashi,"Action, Drama",Movie,1,6.17,51
12121,Towa no Kizuna,Music,Music,1,6.25,1692
4450,Chrno Crusade: Az demo Wakaru Chrno Crusade Kouza,"Adventure, Comedy, Demons, Historical, Supernatural",Special,11,6.72,8496
7337,"Hetalia Axis Powers Movie: Paint it, White","Comedy, Historical, Parody",Movie,1,7.47,36986
11545,Happyakuyachou Hyouri Kewaishi,"Drama, Historical",TV,16,5.68,200
29283,Uchuu Kaizoku Mito no Daibouken Pilot,"Comedy, Sci-Fi",Special,1,5.42,106
3073,Robby to Kerobby,"Comedy, Kids",TV,52,6.0,94
1264,Yoroiden Samurai Troopers,"Adventure, Samurai, Sci-Fi, Shounen",TV,39,7.21,11015
19515,Kentoushi,"Seinen, Sports",OVA,3,6.25,88
31537,Shingeki no Bahamut: Manaria Friends,"Action, Adventure, Demons, Fantasy, Magic, Supernatural",TV,Unknown,,9939
15129,Tanpen Animation Junpei Fujita,Music,Special,3,6.75,88
4540,Gundam: Mission to the Rise,"Action, Mecha, Sci-Fi",Special,1,5.89,2710
15377,Hyakka Ryouran: Samurai Bride,"Action, Comedy, Ecchi, Harem, Samurai, School",TV,12,6.91,52542
967,Hokuto no Ken,"Action, Drama, Martial Arts, Sci-Fi, Shounen",TV,109,7.99,40271
14471,Kaguya-hime: Taketori Monogatari,"Hentai, Historical",OVA,1,5.06,332
32543,Lu Shidai 2nd Season,"Action, Adventure, Comedy, Game, Parody",ONA,13,7.31,740
3911,Shuukaku no Yoru,Hentai,OVA,2,6.16,1558
12037,What&#039;s Michael? 2,Comedy,OVA,1,6.14,101
2051,Akai Kiba: Blue Sonnet,"Action, Drama, Sci-Fi, Shoujo, Super Power",OVA,5,6.19,1024
30544,Gakusen Toshi Asterisk,"Action, Comedy, Ecchi, Fantasy, Harem, Romance, School, Sci-Fi, Supernatural",TV,12,7.14,168657
32807,Xiong Chu Mo,"Comedy, Kids",TV,104,5.67,39
13435,Taka no Tsume NEO Announcement Movie,"Comedy, Parody, Super Power",Special,1,4.23,109
9211,Shikatte Ingo: Misaki Shunin no Buka Kyouiku-hen,Hentai,OVA,1,5.64,1262
2713,Rockman.EXE Beast+,"Action, Adventure, Game, Mecha, Sci-Fi, Shounen",TV,26,7.11,3224
14249,Ribbon no Kishi (1999),Adventure,Movie,1,5.86,178
20785,Mahouka Koukou no Rettousei,"Magic, Romance, School, Sci-Fi, Supernatural",TV,26,7.76,285317
470,Okusama wa Joshikousei (TV),"Comedy, Drama, Romance, Slice of Life",TV,13,6.45,14010
45,Rurouni Kenshin: Meiji Kenkaku Romantan,"Action, Adventure, Comedy, Historical, Romance, Samurai",TV,94,8.43,218928
4825,Tenkousei,Hentai,OVA,4,5.96,291
12867,Tsuki no Sango,Drama,Movie,1,6.35,1661
21107,Buddy Spirits,"Action, Mecha",ONA,1,5.49,343
29163,Sore ga Seiyuu!,"Comedy, Slice of Life",TV,13,7.15,25707
29731,Beppu x Peeping Life,"Comedy, Slice of Life",ONA,1,5.21,161
345,Eikoku Koi Monogatari Emma,"Drama, Historical, Romance, Seinen, Slice of Life",TV,12,7.81,23877
13253,Blossom,Music,Movie,1,6.63,2825
17549,Non Non Biyori,"Comedy, School, Seinen, Slice of Life",TV,12,8.05,133475
564,Puni Puni☆Poemii,"Comedy, Magic, Sci-Fi, Shounen",OVA,2,6.68,21987
5314,Rokumon Tengai Mon Colle Knights Movie: Densetsu no Fire Dragon,"Adventure, Comedy, Fantasy",Movie,1,6.28,350
19009,Puyo Puyo: Madou Monogatari,"Comedy, Fantasy",OVA,1,6.8,151
22177,Madonna (Movie),Dementia,Movie,1,4.0,248
2432,Discipline,"Hentai, School",OVA,6,7.04,15917
5449,Chibi Kero: Kerobouru no Himitsu!?,Comedy,Special,1,6.62,625
9308,Oni Chichi 2,Hentai,OVA,2,6.94,11092
4191,Popolocrois Monogatari,"Adventure, Fantasy",TV,25,7.26,1260
2009,Yawara! Special: Zutto Kimi no Koto ga... .,"Action, Comedy, Drama, Martial Arts, Slice of Life, Sports",Special,1,7.46,855
20713,Mai Zhu,"Comedy, Historical",Movie,1,5.78,180
33290,Gra-P &amp; Rodeo 2nd Season,"Comedy, Music",TV,Unknown,3.92,157
1118,Pokemon: Kesshoutou no Teiou Entei,"Action, Adventure, Comedy, Drama, Fantasy, Kids",Movie,1,7.16,73253
10338,Honto ni Atta! Reibai Sensei,"Comedy, School, Shounen, Supernatural",TV,22,6.66,5082
18149,Ishida to Asakura Special,"Comedy, School, Seinen",Special,1,5.04,2334
660,Denshin Mamotte Shugogetten,"Comedy, Fantasy, Magic, Romance, Shounen",OVA,8,6.64,2372
6018,Patchin shite! Obaachan,Drama,Movie,1,6.83,112
23911,Subarashii Sekai Ryokou: Alaska no Tabi &quot;Daigo Hyougaki&quot;,"Adventure, Sci-Fi",Special,2,8.0,62
7170,Kataku,"Demons, Historical, Supernatural",Movie,1,6.38,1025
5040,One Outs,"Psychological, Seinen, Sports",TV,25,8.41,83056
25159,Inou-Battle wa Nichijou-kei no Naka de,"Comedy, Romance, School, Slice of Life, Supernatural",TV,12,7.34,144370
24169,Detective Conan: The Fugitive Kogorou Mouri,"Comedy, Mystery",ONA,1,7.02,2403
28235,Indie Anibox: Selma Danbaekjil Coffee,"Comedy, Drama, Romance, Samurai, Sci-Fi",Movie,1,7.22,109
20381,Jungle Taitei Movie,"Adventure, Shounen",Movie,1,6.64,271
4943,Yousei Florence,"Adventure, Fantasy, Music",Movie,1,6.89,891
12669,Amagami SS+ Plus Specials,Romance,Special,6,7.33,17764
27963,Shouta no Sushi: Kokoro ni Hibiku Shari no Aji,Shounen,Special,1,7.33,64
4591,Yoiko,"Comedy, School, Slice of Life",TV,20,6.4,2238
1795,Dirty Pair: Bouryaku no 005-bin,"Action, Adventure, Comedy, Police, Sci-Fi",OVA,1,6.96,1915
6829,Izakaya no Ichiya,Action,Movie,1,5.31,406
30025,Otenki Boys,"Kids, Super Power",TV,30,6.33,39
31268,Miira no Yume,Dementia,Movie,1,2.97,98
33056,Buddy Go!,"Comedy, Romance, Shoujo",Special,3,6.42,1415
24501,Inui-san!,"Comedy, Shoujo",OVA,Unknown,5.2,106
11113,Usagi Drop Specials,"Josei, Slice of Life",Special,4,8.07,36351
31759,Hakubutsushi,Dementia,Movie,1,5.04,191
18179,Yowamushi Pedal,"Comedy, Drama, Shounen, Sports",TV,38,8.16,91138
6267,Eko Eko Azarak,"Fantasy, Horror, Magic",OVA,1,5.78,246
8987,Princess Knight☆Catue,Hentai,OVA,3,6.63,3006
6368,Legend of Regios,Magic,Special,3,6.64,6194
10239,Mayutoro The Toons,"Comedy, Fantasy, Kids",TV,33,5.38,76
34467,Yami Shibai 4th Season,"Dementia, Horror, Supernatural",TV,Unknown,,1838
29987,Flicker Love No.1,Dementia,Movie,1,4.91,57
5774,Seitokaichou ni Chuukoku,"Comedy, Drama, Romance, School, Yaoi",OVA,2,7.36,23730
24139,Tokyo Babylon: Vision,"Music, Supernatural",Music,1,5.57,499
3821,Portable Kuukou,"Music, Sci-Fi",Music,1,5.85,1515
1275,Can Can Bunny Extra,"Fantasy, Hentai, Romance",OVA,6,6.39,2029
32447,Nora to Oujo to Noraneko Heart,"Comedy, Ecchi",TV,Unknown,,2181
1998,Amazing Nuts!,"Adventure, Music, Police, Romance, Sci-Fi",Music,4,6.74,6650
33089,Kemono Friends,"Adventure, Comedy",TV,Unknown,,572
33986,Elite Banana Banao,"Comedy, Parody, Slice of Life",ONA,Unknown,6.29,72
8560,"Kyou, Koi wo Hajimemasu","Romance, School, Shoujo",OVA,2,6.62,20953
28805,Bakemono no Ko,"Adventure, Supernatural",Movie,1,8.58,80825
1895,Ai wa Kagi no Kazu dake... Fuuzoku Mansion,Hentai,OVA,1,6.36,2181
22491,Hello Kitty no Ou-sama no Mimi wa Roba no Mimi,"Fantasy, Kids",OVA,1,6.0,103
23199,Durarara!!x2 Shou,"Action, Mystery, Supernatural",TV,12,8.15,189407
7245,Sekai Meisaku Douwa: Wow! Maerchen Oukoku,Fantasy,TV,26,6.91,227
28625,Shisha no Teikoku,"Historical, Psychological, Sci-Fi",Movie,1,7.04,31182
6156,Xi Yang Yang Yu Hui Tai Lang: Zhi Niu Qi Chong Tian,"Adventure, Comedy, Kids",Movie,1,5.16,152
23305,Shin Sei Yariman Gakuen Enkou Nikki The Animation,Hentai,OVA,1,6.62,2563
31644,Deniroo&#039;s Circus,Comedy,Special,1,3.57,69
4578,Time Bokan Oudou Fukko,"Action, Comedy, Mecha, Parody, Sci-Fi",OVA,2,6.44,609
4162,Taiho Shichau zo: Nagisa no Koutsuu Yuudou,"Action, Comedy, Police, Seinen",Special,1,7.27,2444
14811,GJ-bu,"Comedy, School, Slice of Life",TV,12,7.48,83838
18413,Puchitto Gargantia,"Mecha, Sci-Fi",ONA,13,6.36,7170
15787,Backstage Idol Story,Music,TV,8,5.55,292
16347,Usavich V,Comedy,TV,13,6.62,985
1757,Di Gi Charat Christmas Special,Comedy,Special,1,6.81,2041
5129,Jikuu Boukenki Zentrix,"Adventure, Mecha, Sci-Fi",TV,26,6.84,392
19069,Okane wa Mawaru: Kurashi to Kinyuu,Slice of Life,OVA,1,5.31,92
33396,Hua Jiang Hu Zhi Bu Liang Ren,"Adventure, Drama, Historical, Martial Arts, Romance",ONA,54,8.0,59
29924,Goman-hiki,Kids,Movie,100,7.0,56
32615,Youjo Senki,"Magic, Military",TV,Unknown,,6652
29609,Chinka,Action,Special,1,5.49,132
4853,Tezuka Osamu no Don Dracula,"Comedy, Horror, Supernatural, Vampire",TV,8,6.44,934
694,Canvas 2: Niji-iro no Sketch,"Comedy, Drama, Romance, Slice of Life",TV,24,6.91,19491
3010,Kaiketsu Zorro,"Adventure, Historical, Shounen",TV,52,7.31,5243
22135,Ping Pong The Animation,"Psychological, Seinen, Sports",TV,11,8.67,97187
7775,Futatsu no Kurumi,Drama,Special,1,6.67,552
7500,Maabou no Shounen Koukuu Tsuwamono,Historical,Movie,1,5.88,110
3890,Sei Shoujo Sentai Lakers EX,"Hentai, Sci-Fi",OVA,1,5.1,697
5356,Canaan,"Action, Seinen",TV,13,7.4,123217
962,Aria The Natural,"Fantasy, Sci-Fi, Shounen, Slice of Life",TV,26,8.3,39596
1625,Soul Link Special,"Adventure, Comedy, Ecchi, Military, Romance, Sci-Fi, Space",Special,1,6.02,1973
3728,True Blue,Hentai,OVA,2,6.03,2912
12005,What&#039;s Michael?,Comedy,OVA,1,5.71,173
5053,Ai City,"Action, Sci-Fi, Super Power",Movie,1,5.79,1513
32781,Refrain,Music,Music,1,5.72,104
29067,Danna ga Nani wo Itteiru ka Wakaranai Ken 2 Sure-me,"Comedy, Seinen, Slice of Life",TV,13,7.49,73285
2748,Dash! Kappei,"Comedy, Ecchi, Shounen, Sports",TV,65,7.3,2578
18115,Magi: The Kingdom of Magic,"Action, Adventure, Fantasy, Magic, Shounen",TV,25,8.5,245026
158,Maria-sama ga Miteru,"Drama, Romance, Shoujo, Shoujo Ai, Slice of Life",TV,13,7.48,33989
2768,CLAMP in Wonderland 2,"Action, Comedy, Drama, Fantasy, Magic, Music, Romance",Music,1,7.64,13985
610,Popotan,"Comedy, Drama, Ecchi, Supernatural",TV,12,6.46,15230
11795,Forsaken,"Music, Vampire",Music,1,6.03,583
32222,Youkai Watch Movie 3: Soratobu Kujira to Double Sekai no Daibouken da Nyan!,"Comedy, Kids, Supernatural",Movie,1,,237
2835,Patalliro!,"Adventure, Comedy, Romance, Shoujo, Shounen Ai",TV,49,7.63,2409
13511,Cofun Gal no Coffy: Cofunderella,Comedy,Movie,1,5.0,64
2636,"Dorami-chan: Wow, The Kid Gang of Bandits",Fantasy,Movie,1,5.35,126
59,Chobits,"Comedy, Drama, Ecchi, Romance, Sci-Fi, Seinen",TV,26,7.57,266846
8848,"Oishinbo: Kyuukyoku tai Shikou, Chouju Ryouri Taiketsu!!","Comedy, Seinen, Slice of Life",Movie,1,6.34,175
15845,Chikan no Licence,Hentai,OVA,2,6.27,2599
9204,Omae Umasou da na,"Action, Adventure, Fantasy, Kids",Movie,1,8.13,6645
19961,Heisei Tensai Bakabon,"Comedy, Slice of Life",TV,46,6.77,156
16790,Super Samchongsa,"Action, Mecha, Shounen, Space",Movie,1,4.33,63
10764,Buta Himesama,"Fantasy, Hentai, Supernatural",OVA,1,5.64,2202
819,Boku wa Imouto ni Koi wo Suru,"Romance, Shoujo",OVA,1,6.57,26923
8064,Ashiaraiyashiki no Juunin-tachi.,"Action, Fantasy, Seinen, Supernatural",OVA,1,5.17,1604
7575,Oh! Family,"Comedy, Drama, Romance, Shoujo, Slice of Life",TV,26,6.17,201
17439,Kyojin no Hoshi (Movie),"Drama, Sports",Movie,1,6.13,109
30796,Gokudou Sakaba Denden: Gokudou Daisensou Gaiden,Comedy,ONA,3,5.5,60
900,Dragon Ball Z Movie 07: Kyokugen Battle!! Sandai Super Saiyajin,"Adventure, Comedy, Fantasy, Sci-Fi, Shounen",Movie,1,7.14,52690
6848,Doubutsu Mura no Daisodou,Action,Movie,1,5.17,355
1794,Dirty Pair no Ooshoubu: Nolandia no Nazo,"Action, Adventure, Comedy, Police, Sci-Fi",OVA,1,6.65,2045
2445,Maple Colors,Hentai,OVA,2,6.49,3258
186,Initial D Second Stage,"Action, Cars, Drama, Seinen, Sports",TV,13,8.12,45825
9098,Mobile Suit SD Gundam Festival,"Action, Comedy, Fantasy, Mecha, Parody",Movie,1,6.19,913
3022,Haai Step Jun,"Action, Romance, School, Sci-Fi",TV,45,6.41,400
10194,Badaui Jeonseol Jangbogo,"Action, Adventure, Comedy, Mystery",TV,26,6.35,371
2634,Doraemon: Doraemon Comes Back,"Comedy, Fantasy, Kids, Sci-Fi, Shounen",Special,1,7.39,723
1575,Code Geass: Hangyaku no Lelouch,"Action, Mecha, Military, School, Sci-Fi, Super Power",TV,25,8.83,715151
6219,Nijiiro Hotaru: Eien no Natsuyasumi,"Fantasy, Romance, Slice of Life",Movie,1,7.12,3523
16590,Mashin Eiyuuden Wataru: Soukaizan Eiyuu Densetsu,"Action, Adventure, Comedy, Fantasy, Mecha, Sci-Fi, Shounen",OVA,1,7.0,115
32622,Hello Kitty no Oyayubi-hime,"Adventure, Fantasy, Kids",Movie,1,5.14,41
468,Ghost in the Shell 2: Innocence,"Mecha, Military, Police, Psychological, Sci-Fi",Movie,1,7.93,85714
24745,Yobai Suru Shichinin no Harame,"Harem, Hentai",OVA,2,6.63,1745
9917,Pokemon Best Wishes!: Victini to Kuroki Eiyuu Zekrom,"Adventure, Comedy, Drama, Fantasy, Kids",Movie,1,6.94,17120
16644,Soushi Souai: Junai Mellow yori,Hentai,OVA,1,6.67,2060
29928,Jataka Monogatari: Kiniro no Shika,Kids,Movie,1,4.52,79
5538,Tegamibachi: Hikari to Ao no Gensou Yawa,"Adventure, Fantasy, Shounen, Slice of Life, Supernatural",Special,1,7.55,10903
4240,Ginga Senpuu Braiger,"Action, Adventure, Mecha, Space",TV,39,7.02,886
29307,Classical Sex-Zone,"Hentai, School",OVA,3,5.15,159
6211,Tokyo Magnitude 8.0,Drama,TV,11,8.19,121349
27629,Tantei Kageki Milky Holmes TD,"Comedy, Mystery, Super Power",TV,12,6.47,4967
32808,Xiong Chu Mo Zhi Duo Bao Qibing,"Adventure, Comedy",Movie,1,4.0,40
6713,Ranma ½: Nettou Uta Gassen,"Comedy, Music",OVA,2,7.39,3676
10739,Panty &amp; Stocking in Sanitarybox,"Action, Comedy, Dementia, Ecchi, Parody, Supernatural",Special,1,6.56,19669
7956,Cybot Robocchi,"Comedy, Sci-Fi",TV,39,6.19,162
2567,Pinocchio yori Piccolino no Bouken,"Adventure, Kids",TV,52,6.25,852
30435,Kankou Taisen Saitama: Sakuya no Tatakai,,ONA,4,4.24,103
1090,Mobile Suit Gundam I,"Action, Adventure, Drama, Mecha, Military, Sci-Fi, Space",Movie,1,7.43,12877
34238,Osomatsu-san: Ouma de Kobanashi,"Comedy, Parody",Special,1,7.55,2525
20229,Makkuro na Obentou,"Drama, Historical",Movie,1,7.67,103
2931,Mokke,"Mystery, Slice of Life, Supernatural",TV,24,7.19,8362
615,Nurse Witch Komugi-chan Magikarte,"Comedy, Magic, Parody",OVA,5,6.77,9895
2515,Detective Conan OVA 05: The Target is Kogoro! The Detective Boys&#039; Secret Investigation,"Adventure, Comedy, Mystery, Police, Shounen",OVA,1,7.37,7666
21957,Sore Ike! Anpanman: Kokin-chan to Aoi Namida,"Comedy, Fantasy, Kids",Movie,1,5.33,70
18,Initial D Fourth Stage,"Action, Cars, Drama, Seinen, Sports",TV,24,8.24,41584
23979,Something Great Chizu ni Nai Machi,Slice of Life,Movie,1,8.2,70
5930,Hayou no Ken: Shikkoku no Mashou,"Fantasy, Shoujo, Supernatural",OVA,2,5.79,182
33232,Area 88 Movie,"Action, Adventure, Drama, Military, Romance",Movie,1,7.18,210
1284,Houma Hunter Lime,"Comedy, Fantasy",OVA,3,6.12,945
19365,Samurai Flamenco,"Action, Comedy, Parody",TV,22,7.0,74324
34409,Chuuko Video-ya no Onna Tenin X,"Comedy, Shounen",ONA,1,5.75,75
8574,Aoi Taiken,Hentai,OVA,2,5.11,303
1966,Ankoku Shinwa,"Demons, Fantasy, Horror, Mystery, Psychological, Supernatural",OVA,2,4.31,1255
4598,Urikupen Kyuujo-tai,"Adventure, Comedy, Kids",TV,156,5.78,141
31368,Grisaia no Rakuen Specials,Ecchi,Special,5,7.09,15055
33254,Arslan Senki (TV) OVA,"Adventure, Fantasy, Historical, Shounen",OVA,2,7.08,9823
6685,Mesu Kyoushi: Injoku no Kyoushitsu,Hentai,OVA,3,6.48,2005
840,Narue no Sekai,"Comedy, Romance, Sci-Fi",TV,12,6.7,11544
31405,Joker Game,"Drama, Historical, Military",TV,12,7.21,102560
6513,Ravex in Tezuka World,"Music, Space",OVA,1,5.84,620
28369,Dr. Slump: Arale-chan Specials,"Comedy, Sci-Fi, Shounen",Special,2,6.84,220
17777,"Saikin, Imouto no Yousu ga Chotto Okashiinda ga.","Comedy, Ecchi, Romance, Shounen, Supernatural",TV,12,6.46,74320
31150,Xi Yang Yang Yu Hui Tai Lang,"Adventure, Comedy, Kids",TV,Unknown,5.87,72
32568,Kamiwaza Wanda,"Kids, Sci-Fi",TV,Unknown,5.29,316
30468,My Melody no Akazukin (OVA),"Fantasy, Kids",OVA,1,5.71,74
1081,Space Pirate Captain Herlock: Outside Legend - The Endless Odyssey,"Action, Adventure, Drama, Sci-Fi, Seinen, Space",OVA,13,7.47,3499
144,Kanon,"Drama, Romance, Slice of Life, Supernatural",TV,13,7.27,41960
10534,Doraemon Movie 31: Shin Nobita to Tetsujin Heidan - Habatake Tenshi-tachi,"Adventure, Comedy, Fantasy, Kids, Shounen",Movie,1,7.73,1317
10822,Ranma ½: Totteoki Talk Best of Memories,"Comedy, Martial Arts, Slice of Life",OVA,1,7.22,1996
18619,Girls und Panzer: Kore ga Hontou no Anzio-sen Desu!,"Military, School",OVA,1,7.76,16143
13367,"Kono Naka ni Hitori, Imouto ga Iru!","Comedy, Ecchi, Harem, Mystery, Romance, School, Seinen",TV,12,6.85,92252
1387,Yakin Byoutou,Hentai,OVA,10,6.55,6061
2467,3 Choume no Tama: Uchi no Tama Shirimasenka?,Adventure,TV,35,6.74,967
3473,Souseiki,Parody,Movie,1,5.77,959
21595,Yu☆Gi☆Oh! Zexal Second: Iza! Saishuu Kessen e!! Special,"Action, Fantasy, Game, Shounen",Special,1,6.38,1172
8491,Digimon Savers 3D: Digital World Kiki Ippatsu!,"Action, Adventure, Fantasy, Kids, Supernatural",Movie,1,6.35,3720
26257,Nidoto Touranai Tabibito,"Drama, Kids",OVA,1,6.0,60
32402,Mim Mam Mint,Comedy,TV,Unknown,4.1,228
25345,Rance 01: Hikari wo Motomete The Animation,"Fantasy, Hentai, Magic",OVA,4,7.61,6158
571,Moldiver,"Action, Comedy, Magic, Mecha, Romance, Sci-Fi",OVA,6,6.25,1584
30985,Yamakoshi Mura no Mari to Sanbiki no Koinu,"Drama, Kids",OVA,1,6.0,56
34264,Ninja Bear,"Comedy, School",TV,Unknown,,55
15731,Tamayura: More Aggressive,"Comedy, Drama, Slice of Life",TV,12,7.54,10901
3054,La Seine no Hoshi,"Adventure, Drama, Historical, Shoujo",TV,39,6.66,964
11073,Pokemon: Ash&#039;s Journey,"Fantasy, Kids",Movie,1,6.75,4578
117,El Hazard: The Magnificent World,"Adventure, Comedy, Fantasy, Romance",OVA,7,7.44,10130
3425,Meiken Lassie,"Adventure, Kids, Slice of Life",TV,26,6.92,309
17467,Otoko Ippiki Gaki Daishou,"Action, Drama, Shounen",TV,156,7.2,158
33562,Heibai Wushang,"Action, Comedy, Supernatural",TV,12,7.6,216
1996,Full Moon wo Sagashite: Kawaii Kawaii Daibouken,"Comedy, Fantasy, Supernatural",Special,1,6.8,7087
5330,Alice in Cyberland,Action,OVA,1,5.8,605
29537,Hello Kitty no Okaze wo Hiita Santa-san,"Fantasy, Kids",OVA,1,6.57,59
34233,Kimoshiba,Comedy,TV,Unknown,7.0,81
12461,Hiiro no Kakera,"Fantasy, Romance, Shoujo, Supernatural",TV,13,6.88,55031
31741,Magi: Sinbad no Bouken (TV),"Action, Adventure, Fantasy, Magic, Shounen",TV,13,8.22,73480
1267,Yoroiden Samurai Troopers Message,"Adventure, Fantasy, Samurai, Shounen",OVA,5,6.13,1299
30394,Teddy,Slice of Life,Movie,1,5.63,105
3853,Crayon Shin-chan Manatsu no Yoru ni Ora Sanjou! Arashi wo Yobu Den-O vs. Shin-O 60-bu Special!!,"Action, Comedy, Kids, Shounen, Super Power",Special,1,6.82,1213
399,Seikai no Senki Special,"Action, Military, Romance, Sci-Fi, Space",Special,1,7.5,2216
25545,Tanu no Magical Holiday,"Kids, Music",Music,1,5.38,100
33011,Kaijuu Girls: Ultra Kaijuu Gijinka Keikaku,"Comedy, Fantasy, Parody",ONA,12,5.99,3251
3056,Natural,Hentai,OVA,2,6.08,1084
4188,Mahou Sensei Negima! Shiroki Tsubasa Ala Alba,"Adventure, Comedy, Ecchi, Harem, Magic, Romance, Shounen, Supernatural, Vampire",OVA,3,7.68,15616
20929,Galo Sengen,Music,Music,1,6.34,586
3309,Mozu no Nie,"Hentai, Historical, Mystery",OVA,1,5.45,1099
534,Slayers,"Adventure, Comedy, Demons, Fantasy, Magic",TV,26,7.87,73476
30955,Crazy Monkey,Ecchi,Movie,1,4.81,92
6460,Crayon Shin-chan Movie 05: Ankoku Tamatama Daitsuiseki,"Comedy, Ecchi, Kids, School, Shounen, Slice of Life",Movie,1,7.29,1640
3920,Mahou Senshi Sweet Knights: Heroine Ryoujoku Shirei,Hentai,OVA,2,5.96,848
14719,JoJo no Kimyou na Bouken (TV),"Action, Adventure, Shounen, Supernatural, Vampire",TV,26,8.51,190197
28957,Mushishi Zoku Shou: Suzu no Shizuku,"Adventure, Fantasy, Historical, Mystery, Seinen, Slice of Life, Supernatural",Movie,1,8.75,32266
5332,Toshokan Sensou: Koi no Shougai,"Action, Comedy, Drama, Military, Romance",Special,1,7.47,6581
14381,Sore Ike! Anpanman: Yomigaere Bananajima,"Adventure, Comedy, Fantasy, Kids, Super Power",Movie,1,5.59,104
675,One: Kagayaku Kisetsu e,"Drama, Supernatural",OVA,4,5.24,2285
8963,Stitch!: Piko Kara no Chousenjou,"Adventure, Comedy, Kids",Special,1,5.98,458
27567,Fushigi Yuugi Special: Nakago Shikkari Shinasai!,Comedy,Special,2,7.25,943
1014,Chicchana Yukitsukai Sugar Specials,"Comedy, Magic, Shoujo, Slice of Life",Special,2,7.09,3902
3383,Orchid☆Emblem,Hentai,OVA,1,5.68,646
16434,Penguin&#039;s Memory: Shiawase Monogatari,"Drama, Military, Seinen",Movie,1,7.32,189
11577,Steins;Gate Movie: Fuka Ryouiki no Déjà vu,"Sci-Fi, Thriller",Movie,1,8.61,192424
3981,Shokuzai no Kyoushitsu,Hentai,OVA,2,5.42,1483
3125,Tokimeki Tonight,"Comedy, Fantasy, Romance, Shoujo, Vampire",TV,34,7.48,3057
17315,Shin Pro Golfer Saru,"Kids, Sports",TV,10,7.0,69
1556,Kikoushi Enma,"Demons, Ecchi, Fantasy, Horror, Magic, Seinen, Supernatural",OVA,4,7.29,11902
5540,Datenshi-tachi no Kyouen,Hentai,OVA,1,5.43,272
1000,Uchuu Kaizoku Captain Harlock,"Action, Adventure, Drama, Sci-Fi, Seinen, Space",TV,42,7.87,14869
10285,Manga Nippon Mukashibanashi (Movie),Historical,Movie,1,6.05,110
553,Yami no Matsuei,"Comedy, Drama, Fantasy, Horror, Magic, Shoujo, Shounen Ai, Vampire",TV,13,7.23,34177
33308,Tantei Opera Milky Holmes: Fun Fun Party Night♪ - Ken to Janet no Okurimono,"Comedy, Mystery, Super Power",Special,1,,610
12065,Queen&#039;s Blade OVA Specials,"Action, Adventure, Ecchi, Fantasy",Special,2,6.21,5535
13463,Panda no Taputapu,Kids,TV,Unknown,6.55,131
17951,Hello Kitty no Shirayuki-hime,"Fantasy, Kids",OVA,1,6.31,152
30470,Himitsukessha Taka no Tsume DO,"Comedy, Parody, Super Power",TV,Unknown,6.2,96
3307,Moke Moke Taishou Dendo Musume Arisa,"Hentai, Mecha",OVA,2,6.18,3321
29833,Mochi Mochi no Ki,Kids,Movie,1,4.27,99
17897,Hana wa Saku,Music,Special,1,6.32,762
469,Karin,"Comedy, Romance, School, Shounen, Vampire",TV,24,7.33,106142
12671,Pokemon Best Wishes! Season 2: Kyurem vs. Seikenshi,"Action, Adventure, Comedy, Drama, Fantasy, Kids",Movie,1,6.68,14498
1032,Kumo no You ni Kaze no You ni,"Adventure, Drama, Historical, Romance",Movie,1,7.03,3536
28361,Kaseifu ga Ita.,"Comedy, Shoujo, Slice of Life",OVA,1,4.55,93
34148,Nyanko Days,"Comedy, Slice of Life",TV,Unknown,,1335
13217,Hishoka Drop The Animation,Hentai,OVA,1,6.43,1974
32225,Onpu,"Kids, Music",Movie,1,5.1,43
567,The Big O,"Action, Mecha, Mystery, Psychological, Sci-Fi",TV,26,7.57,45843
17887,Ichirin-sha,"Action, Mecha, Sci-Fi, Seinen",ONA,1,6.19,804
2642,Dorami-chan: A Blue Straw Hat,"Fantasy, Kids",Movie,1,5.28,121
9045,Jack to Mame no Ki (1989),"Adventure, Dementia, Kids",OVA,1,6.01,630
152,Solty Rei,"Action, Sci-Fi, Super Power",TV,24,7.38,17943
34161,Overlord Movie,"Action, Adventure, Fantasy, Game, Magic, Supernatural",Movie,1,,16008
33247,Tsubasa to Hotaru (2016),"Romance, School, Shoujo",Special,3,6.4,1411
1247,Project BLUE Chikyuu SOS,"Adventure, Comedy, Sci-Fi, Shounen",TV,6,6.84,1892
15137,Entotsuya Peroo,Kids,Movie,1,4.6,150
29651,Ikedaya Soudou,"Drama, Historical, Samurai",Movie,1,3.85,81
1579,Kiniro no Corda: Primo Passo,"Comedy, Drama, Harem, Magic, Music, Romance, School, Shoujo",TV,25,7.69,63134
1246,Yuugo: Koushounin,"Action, Drama, Military, Mystery, Psychological, Seinen",TV,13,7.24,6108
15613,Hakkenden: Touhou Hakken Ibun,"Action, Fantasy, Shoujo, Supernatural",TV,13,7.57,61017
16570,Agigongryong Doolie (Movie),Kids,Movie,1,5.48,155
32485,Prison School OVA,"Comedy, Ecchi, Romance, School, Seinen",OVA,1,7.73,30887
5250,God Mazinger,"Action, Fantasy, Mecha",TV,23,6.83,946
7791,K-On!!,"Comedy, Music, School, Slice of Life",TV,26,8.14,246276
20857,Nebula feat. Hatsune Miku,Music,Music,1,5.66,1006
19849,Peeping Life 5.0ch,"Comedy, Slice of Life",OVA,10,4.75,207
29673,Shin Tenchi Souzou,Comedy,Movie,1,5.44,129
6281,Asylum Session,"Sci-Fi, Seinen",Movie,1,5.25,2678
6684,Marie &amp; Gali Special,Comedy,Special,1,5.75,407
6827,Suzume no Oyado,Fantasy,Movie,1,5.34,359
1176,Unkai no Meikyuu Zeguy,"Action, Adventure, Fantasy",OVA,2,5.91,808
134,Gunslinger Girl,"Action, Drama, Military, Psychological, Sci-Fi",TV,13,7.55,106865
83,Mobile Suit Gundam: The 08th MS Team - Miller&#039;s Report,"Drama, Mecha, Military, Romance, Sci-Fi",Movie,1,6.95,8078
2187,Shuudan Chikan Densha,Hentai,OVA,2,6.03,1065
23731,"Boku datte, Kirei ni Shitainda",Kids,OVA,1,4.0,54
23699,Kumo ni Noru,"Action, Seinen",OVA,2,5.18,118
32628,Columbus no Daibouken,Historical,OVA,1,6.5,35
2761,Densetsu Kyojin Ideon: Hatsudou-hen,"Drama, Mecha, Sci-Fi, Space",Movie,1,7.9,2963
30164,Chiisana Kinomi,"Kids, Music",Music,1,4.42,86
18695,Toriko no Chigiri,Hentai,OVA,2,6.25,2016
182,Tenkuu no Escaflowne,"Adventure, Fantasy, Mecha, Romance, Shoujo",TV,26,7.8,83437
6830,Hinomaru Hatanosuke: Inazuma-gumi Tobatsu no Maki,"Action, Historical, Samurai",Movie,1,4.78,432
19115,Giovanni no Shima,"Drama, Historical",Movie,1,7.86,10115
623,Shichinin no Nana,"Adventure, Comedy, Magic, Romance, School",TV,25,6.91,2915
7529,Mori no Ongakukai,Comedy,Movie,1,6.13,105
9970,Floating Material,Hentai,OVA,2,6.77,4567
30723,Midori no Makibao Compilation OVA,"Comedy, Sports",OVA,1,5.56,50
26147,Nagasaki no Kouma,"Historical, Kids",Movie,1,7.33,50
5321,Futari no Aniyome,Hentai,OVA,2,6.43,1958
596,Chobits: Chibits,"Comedy, Romance",Special,1,7.1,35513
2680,One Piece: Straw Hat Theater,"Adventure, Fantasy, Shounen",Special,5,7.59,17153
26281,Mother Teresa,"Drama, Historical, Kids",OVA,1,7.25,52
10058,Sore Ike! Anpanman: Yuurei Sen wo Yattsukero!!,"Comedy, Fantasy, Kids",Movie,1,6.43,117
22893,Mon Cheri CoCo,"Romance, Shoujo",TV,13,6.71,137
21679,"Saikin, Imouto no Yousu ga Chotto Okashiinda ga. OVA","Comedy, Ecchi, Romance, Shounen, Supernatural",OVA,1,6.54,14564
1496,Fushigi no Kuni no Miyuki-chan,"Comedy, Ecchi, Fantasy, Shoujo Ai, Yuri",OVA,2,6.0,7240
8356,Himitsukessha Taka no Tsume The Movie 2: Watashi wo Aishita Kuro Oolong-Cha,"Comedy, Parody, Super Power",Movie,1,5.06,114
27369,Eigo de Asobo: Tanken Goblin Tou,"Adventure, Comedy, Fantasy, Kids",TV,100,5.0,53
2559,Romeo no Aoi Sora,"Adventure, Drama, Historical, Slice of Life",TV,33,8.47,15074
30582,"That&#039;s Hanakappa Musical: Pan to Gohan, Docchi nano!?","Comedy, Kids, Music",Movie,1,5.2,51
1456,L/R: Licensed by Royal,"Action, Adventure, Mystery, Police",TV,12,6.59,2388
10594,Tokimeki Tonight Recaps,"Comedy, Fantasy, Romance, Shoujo, Vampire",Special,2,6.4,220
8478,Doubutsu Kankyou Kaigi,Kids,TV,20,5.68,151
15841,Tsun Tsun Maid wa Ero Ero Desu,Hentai,OVA,2,7.13,5384
22537,Yami Shibai 2nd Season,"Dementia, Horror, Supernatural",TV,13,6.54,17379
2185,Words Worth Gaiden,"Action, Adventure, Fantasy, Hentai",OVA,2,5.97,2402
2896,Houkago: Nureta Seifuku,Hentai,OVA,3,6.56,5847
6958,Hyakko OVA,Comedy,OVA,1,6.82,8206
5557,Kugutsu Ai: Doura Gaiden,Hentai,OVA,1,5.75,283
165,RahXephon,"Action, Drama, Mecha, Music, Mystery, Psychological, Romance, Sci-Fi",TV,26,7.55,66751
32888,Sinbad,Adventure,Movie,1,5.09,452
27853,Ichinen Ikkumi,"Kids, School",OVA,1,6.33,45
20517,Little Busters!: EX,"Comedy, Drama, Romance, School, Slice of Life, Supernatural",Special,8,7.94,26709
184,Xenosaga The Animation,"Action, Mecha, Sci-Fi, Shounen, Space",TV,12,6.47,13827
29748,Kabushiki Kaisha Zoo,"Comedy, Kids",TV,12,6.33,46
2534,Angelique,"Drama, Fantasy, Romance, Sci-Fi, Shoujo",OVA,3,6.53,3523
33267,Jinxiu Shenzhou Zhi Qi You Ji,"Adventure, Fantasy",TV,Unknown,4.67,106
30430,Kimi wa Sou Kimeta,Music,Music,1,5.3,107
4615,Yama Nezumi Rocky Chuck,"Adventure, Fantasy, Kids",TV,52,6.15,507
24365,Tonari no Seki-kun Specials,"Comedy, School, Seinen",Special,2,7.55,14248
30649,Shin Atashin&#039;chi,"Comedy, Slice of Life",TV,26,7.14,1202
16476,Idol Kouhosei,Hentai,OVA,1,5.9,1442
29759,Korokoro Animal 2,Kids,TV,51,4.67,45
1886,Fushigiboshi no☆Futagohime Gyu!,"Comedy, Magic, Shoujo",TV,52,7.32,2387
16263,Konchuu Tsurezuregusa,"Kids, Slice of Life",OVA,1,5.8,83
34179,Ima no Watashi ni Dekiru Koto...,Sci-Fi,ONA,2,5.4,234
24029,Shijou Saikyou no Deshi Kenichi Specials,"Action, Comedy, Martial Arts, School, Shounen",Special,4,7.35,4258
28639,Futon,Dementia,Movie,1,5.37,358
32915,Durarara!!x2 Ketsu: Dufufufu!!,"Action, Mystery, Supernatural",Special,1,7.72,13126
312,Ace wo Nerae!: Final Stage,"Action, Drama, Sports",OVA,12,6.61,714
28381,Monster High: Kowa-ike Girls,"Kids, Shoujo, Supernatural",ONA,8,6.32,244
16345,Ninku: Knife no Bohyou,"Action, Adventure, Comedy, Martial Arts, Shounen",Special,1,6.13,280
11375,.hack//The Movie: Sekai no Mukou ni,"Action, Adventure, Fantasy, Game, Magic, Mystery, Sci-Fi",Movie,1,7.32,11617
29860,Channel 5.5 Prologue: Shin Bangumi Start!,Comedy,ONA,1,4.71,135
7262,Kagirohi: Shaku Kei,Hentai,OVA,2,6.13,2261
7295,Koi Tsubomi,"Fantasy, Music",Music,1,6.58,1242
11135,Hybrid Child,"Drama, Historical, Romance, Sci-Fi, Shounen Ai",OVA,4,8.09,26036
28907,"Gate: Jieitai Kanochi nite, Kaku Tatakaeri","Action, Adventure, Fantasy, Military",TV,12,7.97,244314
30054,Uli Sai Jjang-Iya,School,Movie,1,5.0,36
10029,Coquelicot-zaka kara,"Historical, Romance, School, Shoujo",Movie,1,8.03,50689
2121,Captain Tsubasa: Sekai Daikessen!! Jr. World Cup,"Action, Shounen, Sports",Movie,1,7.0,2334
19769,Mahou Sensou,"Action, Fantasy, Magic",TV,12,6.18,104192
31139,Ame-iro Cocoa: Rainy Color e Youkoso!,"Comedy, Slice of Life",TV,12,4.92,5888
6397,Tentou Mushi no Uta,"Drama, Slice of Life",TV,104,6.48,249
2123,Digimon X-Evolution,"Action, Adventure, Fantasy, Sci-Fi",Movie,1,7.29,12449
2726,Sukeban Deka,"Action, Drama, Police, School, Shoujo",OVA,2,6.58,1663
14127,Papa Love: Papa to Icha Ero Shitai Musume-tachi to Hitotsu Yane no Shita de,Hentai,OVA,2,7.16,5018
31422,Minami Kamakura Koukou Joshi Jitensha-bu,"School, Shounen, Sports",TV,Unknown,,2216
268,Golden Boy,"Adventure, Comedy, Ecchi",OVA,6,8.05,113040
5849,Zettai Karen Children Recap,"Action, Comedy, Shounen, Supernatural",Special,1,6.61,1603
32324,Major 2nd,"Shounen, Sports",Special,1,6.65,458
29123,World Calling,Music,Music,1,6.28,578
1413,Lupin III: Alcatraz Connection,"Action, Adventure, Comedy, Shounen",Special,1,7.29,3242
9820,"McDull, the Alumni",Comedy,Movie,1,6.38,83
31740,Chicchana Onaka,Hentai,OVA,3,6.32,2298
18845,Ninja Hattori-kun (2012),Comedy,TV,52,6.5,282
4484,"Umi no Yami, Tsuki no Kage","Drama, Horror, Romance",OVA,3,6.27,483
33759,Feng Wei Ying Xiong,"Action, Fantasy",ONA,12,7.19,53
517,School Rumble Ichi Gakki Hoshuu,"Comedy, Romance, School, Shounen",OVA,2,7.85,40868
27747,Jokei Kazoku III: Himitsu - The Anime,Hentai,OVA,1,6.32,1316
10824,Ranma ½: DoCo Music Video,"Comedy, Martial Arts, Music, Slice of Life",OVA,1,7.1,1775
22071,Mikakunin de Shinkoukei: Mite. Are ga Watashitachi no Tomatteiru Ryokan yo.,"Comedy, Romance, Slice of Life",Special,1,7.13,19538
27497,Sore Ike! Anpanman: Kieta Jam Ojisan,"Adventure, Fantasy, Kids",Special,1,5.8,69
18095,Nourin,"Comedy, Ecchi, Romance, School",TV,12,6.98,76069
28497,Rokka no Yuusha,"Action, Adventure, Fantasy, Magic, Mystery",TV,12,7.63,218747
19185,HORIZON feat. Hatsune Miku,Music,Music,1,5.88,1297
24549,Naniwabushi Daisuki,"Drama, Historical, Sports",Special,1,7.0,49
681,Tenbatsu Angel Rabbie☆,"Comedy, Magic, Sci-Fi",OVA,1,5.27,1192
32607,Gi(a)rlish Number,Slice of Life,TV,12,7.11,35072
2453,Dennou Sentai Voogie&#039;s★Angel,"Action, Drama, Mecha, Military, Sci-Fi",OVA,3,5.69,1132
23933,Kyutai Panic Adventure!,"Action, Martial Arts, Shounen, Super Power",Special,1,5.21,700
5629,Choujuu Kishin Dancougar: Hakunetsu no Shuushou,"Mecha, Sci-Fi, Space",OVA,4,6.28,419
29844,Nekoronde TV.,Comedy,TV,12,4.55,46
422,Stratos 4 OVA,"Comedy, Military, Sci-Fi, Shounen",OVA,2,6.86,2133
3702,Detroit Metal City,"Comedy, Music",OVA,12,8.26,104893
25689,Hyakka Ryouran: Samurai After,"Ecchi, Harem",OVA,2,6.8,9014
28835,Tesagure! Bukatsumono Spin-off Purupurun Sharumu to Asobou,"Parody, School, Slice of Life",TV,12,6.88,2007
3251,Hatara Kids Mai Ham Gumi,"Action, Kids",TV,50,5.54,190
3998,Tokumu Sousakan Rei &amp; Fuko,"Hentai, Horror, Supernatural",OVA,4,6.37,1591
3355,Fortune Dogs,Adventure,TV,39,6.8,400
2580,Tsukuyomi: Moon Phase Special,"Comedy, Dementia, Slice of Life",Special,1,6.8,8030
16331,Next A-Class,"Action, Cars, Sci-Fi",ONA,1,6.53,4394
31073,Show By Rock!!: Plasmagica na Gogo,Comedy,ONA,3,5.85,469
33882,Kochira Katsushikaku Kameari Kouenmae Hashutsujo: Mezase! Kameari Superstar!! Ryoutsu-shiki Aidoru h,"Comedy, Police",Special,2,7.0,135
3393,Dark,Hentai,OVA,2,5.75,1310
2644,Doraemon: Treasure of the Shinugumi Mountain,"Adventure, Comedy, Fantasy, Kids, Shounen",Special,1,6.74,405
617,Juubee Ninpuuchou,"Adventure, Fantasy, Historical, Horror, Romance, Shounen, Supernatural",Movie,1,7.67,55697
12799,Xevious,"Action, Adventure, Sci-Fi, Space",Movie,1,5.73,184
18273,Heungnyongwanggwa Bihodongja,"Action, Adventure, Martial Arts, Shounen",Movie,1,3.8,98
16780,Gongnyong Baengmannyeon Ttori,"Action, Adventure, Shounen",Movie,1,4.0,76
33236,Committed RED,Music,Music,1,6.03,140
22593,Potecco Babies (2011),Comedy,ONA,12,4.85,118
30341,Tarzan,Dementia,Movie,1,5.43,130
12613,Morizo to Kikkoro,Kids,TV,52,5.42,76
22097,Magi: Sinbad no Bouken,"Action, Adventure, Fantasy, Magic, Shounen",OVA,5,8.06,52351
2036,Cosmic Baton Girl Comet-san,"Adventure, Comedy, Drama, Magic, Sci-Fi",TV,43,7.27,1763
16762,Mirai Nikki Redial,"Action, Psychological, Shounen, Supernatural",OVA,1,7.71,135604
3472,Tenrankai no E,Comedy,Movie,1,6.46,1065
30842,Nekota no Koto ga Kininatte Shikatanai. (ONA),"School, Shoujo",ONA,4,6.46,546
22627,Santa-san to Tonakai Kuppi,"Fantasy, Kids",OVA,1,5.64,71
5920,Xanadu Dragonslayer Densetsu,"Adventure, Comedy, Fantasy",OVA,1,6.09,307
28891,Haikyuu!! Second Season,"Comedy, Drama, School, Shounen, Sports",TV,25,8.93,179342
23447,"Ano Natsu de Matteru: Bokutachi wa Koukou Saigo no Natsu wo Sugoshinagara, Ano Natsu de Matteiru.","Comedy, Drama, Romance, Sci-Fi, Slice of Life",Special,1,7.29,19772
31762,King of Prism by Pretty Rhythm,"Music, Shoujo, Sports",Movie,1,6.34,2897
8920,Inuki Kanako Zekkyou Collection: Gakkou ga Kowai!,Horror,OVA,1,5.87,418
17137,Saiyuuki Gaiden: Tokubetsu-hen - Kouga no Shou,"Adventure, Drama, Fantasy, Shoujo",OVA,1,7.47,1313
27921,Genkichi Jiisan to Kogitsune,"Drama, Kids",OVA,1,6.6,54
4024,Sanrio Anime Sekai Meisaku Gekijou,"Adventure, Fantasy, Kids",TV,13,6.35,611
548,Wonderful Days,"Action, Drama, Romance, Sci-Fi",Movie,1,7.17,23422
6163,Kuroshitsuji Recap,"Action, Demons, Fantasy, Shounen, Supernatural",Special,1,7.32,20616
31065,Gunslinger Stratos: The Animation - Bunki/Futatsu no Mirai,"Action, Sci-Fi",Special,1,6.24,1379
11695,Ultraman Graffiti,"Action, Comedy, Parody, Super Power",OVA,6,5.25,123
8645,Kitte no Nai Okurimono,"Kids, Music",Music,1,5.09,223
26321,Soba no Hana Saita Hi,"Drama, Kids",OVA,1,6.2,45
30927,"Hanakappa no Koutsuu Anzen: Cake wo Momomete Migi, Hidari, Migi","Drama, Fantasy, Kids",OVA,1,4.67,35
7592,Nurarihyon no Mago,"Action, Demons, Shounen, Supernatural",TV,24,7.78,122976
3597,Fantasia,"Comedy, Drama, Fantasy, Magic, Romance",OVA,1,5.58,877
12437,Yuri Seijin Naoko-san (2012),Comedy,OVA,1,6.66,6578
22499,Kitty to Mimmy no Happy Birthday,"Fantasy, Kids",OVA,1,6.54,80
2417,Saigo no Door wo Shimero!,"Comedy, Drama, Romance, Yaoi",OVA,1,6.76,9076
29231,Fushigiboshi no☆Futagohime Gyu! Recap,"Comedy, Magic, Shoujo",OVA,1,6.65,220
19973,Ashita no Joe Pilots,"Drama, Sports",Special,2,6.5,953
5583,Sonic: Night of the WereHog,Action,ONA,1,6.63,3424
2256,Choujuu Kishin Dancougar: Ushinawareta Monotachi e no Requiem,"Action, Drama, Mecha",OVA,1,6.5,653
6877,Pokemon: Bokutachi Pichu Brothers - Party wa Oosawagi! no Maki,"Adventure, Comedy, Fantasy, Kids",Special,1,6.78,6907
28921,Disney Tsum Tsum,Kids,TV,Unknown,6.61,359
14347,Ryo,"Action, Drama, Historical, Samurai",Movie,1,6.01,8687
22459,Hello Kitty no Shoukoujo,"Fantasy, Kids",OVA,1,6.47,94
30056,Amagi Brilliant Park: Wakuwaku Mini Theater - Rakugaki Backstage,Comedy,Special,7,6.63,14515
10668,Imouto Paradise!,Hentai,OVA,2,6.83,7713
6,Trigun,"Action, Comedy, Sci-Fi",TV,26,8.32,283069
5838,Furudera no Obake-soudou,"Action, Adventure",Movie,1,5.04,531
9330,Dragon Crisis!,"Action, Magic, Romance, School, Seinen, Supernatural",TV,12,6.93,94922
3655,Nabari no Ou,"Action, Comedy, Drama, Fantasy, Shounen, Supernatural",TV,26,7.44,107384
18177,Yowamushi Pedal: Special Ride,"Comedy, Drama, Shounen, Sports",OVA,1,7.49,10737
3214,Kosuke-sama Rikimaru-sama: Konpeitou no Ryuu,"Action, Adventure, Super Power",OVA,1,6.35,437
10943,Tsuyoshi Shikkari Shinasai: Tsuyoshi no Time Machine de Shikkari Shinasai,"Comedy, Drama, Romance, School, Shounen, Slice of Life",Movie,1,6.73,107
32145,Peeping Life: The Perfect Extension Specials,"Comedy, Slice of Life",Special,2,5.7,75
1116,Junkers Come Here,"Drama, Slice of Life",Movie,1,7.29,2858
6491,Scandal,"Music, Slice of Life",ONA,12,5.56,1062
28759,Harbor Tale,"Adventure, Fantasy",Movie,1,7.67,65
12485,Gregory Horror Show: The Bloody Karte,"Comedy, Demons, Horror, Mystery, Supernatural, Vampire",Special,12,6.31,399
9447,Byulbyul Iyagi 2,"Drama, Psychological",Movie,6,5.86,122
32564,Tokiwa Kitareri!!,"Action, Magic, Shounen",Special,1,5.83,176
5830,Tsurupika Hagemaru-kun,"Comedy, Kids",TV,59,7.0,322
22977,Kaibutsu-kun: Kaibutsu Land e no Shoutai,"Comedy, Horror, Kids, Shounen",Movie,1,6.22,83
5593,Dogs: Bullets &amp; Carnage,"Action, Seinen",OVA,4,7.46,44826
930,Densetsu Kyojin Ideon,"Drama, Mecha, Sci-Fi, Space",TV,39,7.1,5517
31433,Ginga Eiyuu Densetsu (2017),"Action, Drama, Military, Sci-Fi, Space",,Unknown,,3969
2078,Landlock,"Adventure, Fantasy, Sci-Fi",OVA,2,5.81,965
951,Chibi Maruko-chan,"Comedy, Shoujo, Slice of Life",TV,142,7.86,4739
1004,Kanojo to Kanojo no Neko,"Drama, Psychological, Romance, Slice of Life",OVA,1,7.52,53463
17895,Golden Time,"Comedy, Romance, Seinen",TV,24,7.92,273191
3906,H. P. Lovecraft&#039;s The Dunwich Horror and Other Stories,Horror,OVA,1,6.39,1704
8928,Visions of Frank: Short Films by Japan&#039;s Most Audacious Animators,Dementia,Movie,9,6.22,267
33861,Nani no Yaku ni Mo Tatanai Karappona Hanashi,Comedy,ONA,2,3.5,33
7915,Otaku no Seiza,"Comedy, Parody",OVA,2,6.01,378
1225,3x3 Eyes Seima Densetsu,"Action, Adventure, Demons, Fantasy, Horror, Romance",OVA,3,7.13,8892
6747,Dance in the Vampire Bund,"Action, Supernatural, Vampire",TV,12,7.2,121005
33145,Detective Conan: Nazo no Suisei Kaijuu wo Oe!,Mystery,OVA,1,6.62,976
3932,Magnerobo Ga-Keen,"Action, Mecha, Sci-Fi",TV,39,6.49,416
6616,Watashi no Coffee Samurai: Jihanki-teki na Kareshi,"Action, Romance, Samurai, Sci-Fi",Special,1,6.25,1335
18671,Chuunibyou demo Koi ga Shitai! Ren,"Comedy, Drama, Romance, School, Slice of Life",TV,12,7.6,208885
3540,Henbou Moral Hazard,Hentai,OVA,1,4.88,552
29910,Qin Shiming Yue 3D: Dianying Longteng Wanli,"Action, Fantasy, Historical, Martial Arts",Movie,1,6.91,254
27393,Kyuumei Senshi Nanosaver,"Adventure, Shounen",TV,28,5.75,62
3439,Darcrows,Hentai,OVA,2,5.86,1624
16021,Miracle Psychicer Seizan,"Action, Adventure, Fantasy",OVA,5,7.12,97
32983,Natsume Yuujinchou Go,"Drama, Fantasy, Shoujo, Slice of Life, Supernatural",TV,13,8.76,38865
25139,Oh! My Konbu,"Comedy, Shounen, Slice of Life",TV,22,6.38,70
22125,Kuroko no Basket: Mou Ikkai Yarimasen ka,"Comedy, School, Shounen, Sports",Special,1,7.86,20397
10737,A-Channel: +A-Channel,"Comedy, School, Seinen, Slice of Life",Special,11,7.05,12631
9316,Toushindai My Lover: Minami tai Mecha-Minami,Hentai,OVA,1,4.15,211
3424,Porphy no Nagai Tabi,"Drama, Historical, Kids, Slice of Life",TV,52,7.11,1335
376,Elfen Lied Special,"Drama, Ecchi, Horror, Psychological, Supernatural",Special,1,7.34,116129
32031,Leopard Eyes,Music,Music,1,6.62,473
12505,C³ Special,"Action, Comedy, Ecchi, School, Supernatural",Special,1,6.9,18468
32823,Long Zai Na Li,"Adventure, Comedy",Movie,1,7.5,40
7785,Yojouhan Shinwa Taikei,"Mystery, Psychological, Romance",TV,11,8.65,122531
33164,Musaigen no Phantom World: Limitless Phantom World,"Comedy, Fantasy, Supernatural",Special,7,6.09,6401
2618,Takarajima,"Adventure, Drama, Historical, Mystery",TV,26,8.04,5306
2640,Doraemon: It&#039;s Summer!,"Adventure, Comedy, Fantasy, Kids, Shounen",Special,1,6.63,487
23011,Otoko Doahou! Koushien,"Action, Sports",TV,156,6.6,86
3764,Chouon Senshi Borgman 2: Shin Seiki 2058,"Action, Demons, Sci-Fi, Shounen",OVA,3,6.14,319
1101,Tenchi Muyou! Manatsu no Eve,"Action, Comedy, Sci-Fi, Shounen, Space",Movie,1,7.21,10523
32843,Senki Zesshou Symphogear 5th Season,"Action, Music, Sci-Fi",TV,Unknown,,1556
18561,Mahou no Hiroba,Music,Music,1,4.43,182
1123,Beet the Vandel Buster Excellion,"Adventure, Fantasy, Shounen, Supernatural",TV,25,6.82,5198
2095,Salamander,"Adventure, Sci-Fi",OVA,3,6.15,597
2209,V.G.Neo The Animation,"Action, Hentai, Martial Arts",OVA,3,5.88,2028
32819,Xiong Chu Mo Zhi Conglin Zhongdongyuan,"Comedy, Kids",TV,104,5.67,35
12745,Bari Bari Densetsu (1987),"Action, Drama, Shounen, Sports",Movie,1,6.79,610
18521,GUNbare! Game Tengoku 2 the Movie,"Action, Adventure, Comedy",OVA,1,5.09,88
31478,Bungou Stray Dogs,"Action, Comedy, Mystery, Seinen, Supernatural",TV,12,7.76,187805
9535,Gongitsune,Adventure,Movie,1,7.22,312
2355,Devilman: Yochou Sirene-hen,"Demons, Horror, Sci-Fi, Supernatural",OVA,1,7.14,5858
23085,Kikansha Sensei,"Comedy, School, Slice of Life",Movie,1,6.67,76
8108,Tottoko Hamtarou Movie 3: Ham Ham Grand Prix Aurora Tani no Kiseki - Ribon-chan Kiki Ippatsu!,"Adventure, Comedy, Kids",Movie,1,6.68,1028
5493,Ranma ½: Akumu! Shunmin Kou,"Action, Comedy, Martial Arts, Shounen, Supernatural",OVA,1,7.7,7064
11597,Nisemonogatari,"Comedy, Mystery, Supernatural",TV,11,8.21,260062
5391,Pico to Chico,"Hentai, Yaoi",OVA,1,5.19,29463
24789,Shoko Nakagawa Prism Tour Special,Music,Special,1,5.55,149
33533,Tokyo Onlypic,"Comedy, Parody, Sports",Movie,1,6.33,29
9328,Shoujo Senki Soul Eater,Hentai,OVA,1,6.76,6706
3265,Princess Tutu Recaps,"Comedy, Magic, Romance, Shoujo",Special,3,6.75,3999
3541,Kouin Tenshi: Haitoku no Lycéenne,Hentai,OVA,1,4.99,652
11841,Qin Shiming Yue Zhi: Ye Jin Tianming,"Action, Fantasy, Historical, Martial Arts",TV,18,7.24,366
20555,SoniAni: Super Sonico The Animation,"Music, Slice of Life",TV,12,6.26,45748
24751,Akuma no Riddle: Shousha wa Dare? Nukiuchi Test,"Action, Comedy, Ecchi, Shoujo Ai",Special,1,6.66,19147
5715,Arcade Gamer Fubuki Extra,"Action, Adventure, Comedy, Ecchi, Game, Parody, School",Special,1,4.96,1039
6060,Ichigatsu ni wa Christmas,Romance,OVA,1,5.93,247
7192,Choujikuu Romanesque Samy: Missing 99,"Action, Sci-Fi",OVA,1,4.9,508
28677,Yamada-kun to 7-nin no Majo (TV),"Comedy, Harem, Mystery, Romance, School, Shounen, Supernatural",TV,12,7.91,193566
5118,Suzumiya Haruhi-chan no Yuuutsu,"Comedy, Parody",ONA,25,7.63,70416
1385,Kurohime: Shikkoku no Yakata,Hentai,OVA,2,6.05,2377
5147,Comic Party Revolution OVA,Comedy,OVA,4,6.67,2237
30010,Frame Arms: A Violent Struggle,Mecha,OVA,1,4.22,234
7071,Shoujouji no Tanuki-bayashi,Kids,Movie,1,4.74,475
16393,Norakuro-kun,"Comedy, Mystery",TV,50,7.17,114
24199,Oosouji,Music,Music,1,5.73,346
29970,Yell,Music,Music,1,5.46,55
2664,Doraemon Movie 19: Nobita no Nankai Daibouken,"Adventure, Comedy, Fantasy, Kids, Sci-Fi, Shounen",Movie,1,7.25,1327
1825,Hadashi no Gen 2,"Drama, Historical, Shounen",Movie,1,7.5,4910
649,Hanaukyou Maid-tai: La Verite,"Comedy, Ecchi, Harem, Romance",TV,12,6.91,14069
27967,Senran Kagura: Estival Versus - Shoujo-tachi no Sentaku,"Action, Comedy, Ecchi",OVA,1,6.59,6920
32665,Historical,"Adventure, Historical",ONA,Unknown,5.58,202
430,Fullmetal Alchemist: The Conqueror of Shamballa,"Comedy, Drama, Fantasy, Historical, Military, Shounen",Movie,1,7.74,186465
2365,Grandeek,"Adventure, Fantasy, Magic",OVA,1,5.89,896
4026,Pokemon Diamond &amp; Pearl: Giratina to Sora no Hanataba Sheimi,"Action, Adventure, Fantasy, Kids",Movie,1,7.1,32654
10763,Robot Taekwon V,"Action, Mecha",Movie,1,5.11,191
3980,Bi-Indoushi Miija: Injoku no Gakuen,Hentai,OVA,2,5.43,1158
6226,Utawarerumono Recaps,"Action, Drama, Fantasy",Special,2,6.62,2667
9979,Precure All Stars Movie DX3: Mirai ni Todoke! Sekai wo Tsunagu☆Nijiiro no Hana,"Action, Fantasy, Magic, Shoujo",Movie,1,7.61,2842
33948,Hinako Note,"Comedy, Slice of Life",TV,Unknown,,909
1665,Babel Nisei (1992),"Action, Mecha, Sci-Fi",OVA,4,6.02,1074
5909,Seitokai no Ichizon,"Comedy, Harem, Parody, School",TV,12,7.52,110470
6883,Umi Monogatari: Anata ga Ite Kureta Koto - Shinjiau Kokoro,"Comedy, Fantasy, Supernatural",Special,1,6.71,2484
6095,Azuki-chan the Movie,"Comedy, Romance, Shoujo, Slice of Life",Movie,1,6.3,390
2810,Anime Himitsu no Hanazono,"Drama, Historical, Kids, Shoujo",TV,39,7.11,2188
3962,Chocolate Underground,"Comedy, Kids",ONA,13,6.28,9351
30204,Ryoukan-san,Historical,Movie,1,5.4,55
7769,Ookami-san to Shichinin no Nakama-tachi,"Comedy, Parody, Romance",TV,12,7.38,145982
6016,Kyoushoku Soukou Guyver (1989),"Action, Horror, Sci-Fi, Super Power",OVA,6,7.32,6090
19481,Juujika You and I,"Mecha, Music, Sci-Fi",Music,1,5.56,244
952,Magical Nyan Nyan Taruto,"Comedy, Magic",TV,12,6.44,3693
7303,Detective Conan: Black History,"Adventure, Comedy, Mystery, Police, Shounen",Special,1,7.74,3603
33420,RESTART POiNTER,Music,Music,1,6.91,364
594,Naruto: Takigakure no Shitou - Ore ga Eiyuu Dattebayo!,"Action, Adventure, Comedy, Shounen, Super Power",Special,1,6.83,52264
22163,Natsu no Shisen 1942,Dementia,Movie,1,4.9,167
1811,Bounty Dog: Getsumen no Ibu,"Action, Sci-Fi, Space",OVA,2,5.75,1752
10044,Brave Fire S0.9,"Mecha, Sci-Fi",Special,1,5.88,144
2234,Panda-Z: The Robonimation,"Action, Comedy, Kids, Mecha, Parody, Sci-Fi, Shounen",TV,30,6.56,1358
22585,Nukko.,Comedy,TV,Unknown,6.4,113
29361,Kareshi wa Hammerhead Shark,"Comedy, Kids, Slice of Life",TV,Unknown,3.78,120
33095,Shouwa Genroku Rakugo Shinjuu: Sukeroku Futatabi-hen,"Drama, Josei",TV,Unknown,,8585
18893,Aoki Hagane no Arpeggio: Ars Nova,"Action, Sci-Fi, Seinen",TV,12,7.55,84708
33910,Marine Bloomin&#039;,Music,Music,1,5.72,123
5872,Doubutsu Mura no Sports Day,Action,Movie,1,5.18,448
31643,Mr. Deniroo in Henteko Mushi,"Comedy, Kids, Slice of Life",Special,1,4.4,52
3710,Hakaba Kitarou,"Horror, Supernatural",TV,11,7.01,6649
5620,Uchuu Enban Dai-Sensou,"Action, Mecha, Romance",Movie,1,5.94,557
9464,Ganbare Goemon: Chikyuu Kyuushutsu Daisakusen,"Comedy, Shounen",OVA,1,6.08,125
156,X,"Action, Drama, Fantasy, Magic, Romance, Shoujo, Super Power",TV,24,7.56,51004
2647,Dorami-chan: Mini-Dora SOS!!!,"Fantasy, Kids",Movie,1,6.49,178
2019,DNA Sights 999.9,"Action, Adventure, Drama, Sci-Fi",OVA,1,6.3,1048
10850,Seibu Tetsudou Ekiin Tako-chan,"Comedy, Parody, Police, Slice of Life",ONA,12,4.12,99
9239,Scoopers,"Action, Sci-Fi",OVA,1,6.08,195
21635,GJ-bu@,"Comedy, School, Slice of Life",Special,1,7.34,18894
31245,Zutto Mae kara Suki deshita.: Kokuhaku Jikkou Iinkai,"Romance, School",Movie,1,7.47,35058
1184,Lost Universe,"Adventure, Comedy, Drama, Sci-Fi, Shounen, Space",TV,26,7.1,9293
15005,Kyou no Asuka Show,"Comedy, Ecchi, Seinen",ONA,20,6.84,15032
30079,Kirin no Otenki Mama-san,Fantasy,Special,12,3.53,109
122,Full Moon wo Sagashite,"Comedy, Drama, Music, Romance, Shoujo, Supernatural",TV,52,8.08,59374
13089,Hana to Mogura,Comedy,Movie,1,5.76,210
32289,Anison Nippon,"Action, Sci-Fi",ONA,1,5.4,209
16482,Ojarumaru: Mangetsu Road Kiki Ippatsu - Tama ni wa Maro mo Daibouken,"Adventure, Comedy, Fantasy, Kids, Slice of Life",Special,1,5.64,78
5834,Kyojin no Hoshi,"Drama, Sports",TV,182,7.12,729
33728,Chain Chronicle: Haecceitas no Hikari Part 1,"Action, Adventure, Fantasy, Magic, Shounen",Movie,1,6.67,5589
1597,Panyo Panyo Di Gi Charat,Comedy,TV,48,6.89,3207
24669,Son Gokuu Silk Road wo Tobu!!,"Adventure, Fantasy",Special,1,5.33,68
1171,Slayers Excellent,"Adventure, Comedy, Demons, Fantasy, Magic, Shounen, Supernatural",OVA,3,7.43,13842
2068,Sousei Kishi Gaiarth,"Action, Adventure, Mecha, Sci-Fi",OVA,3,6.31,1104
17102,Lolling Seutajeu,"Kids, Sports",TV,26,5.6,84
598,Jinzou Ningen Kikaider The Animation,"Action, Drama, Mecha, Sci-Fi, Shounen",TV,13,7.09,5881
4752,Vampire Knight Guilty,"Drama, Mystery, Romance, Shoujo, Supernatural, Vampire",TV,13,7.53,198492
505,Fushigiboshi no☆Futagohime,"Comedy, Magic, Shoujo",TV,51,7.45,5074
69,Cluster Edge,"Action, Fantasy, Military, Sci-Fi",TV,25,6.48,6995
1828,Catblue: Dynamite,"Action, Fantasy",ONA,1,6.3,1311
29353,Kimi wa Tomodachi,"Adventure, Fantasy, Music",Music,1,5.63,99
30367,Lemon Home Animation Gekijou,Comedy,Special,2,4.65,254
1985,UFO Robo Grendizer,"Mecha, Sci-Fi, Shounen",TV,74,7.66,4381
9770,Hello Kitty no Stump Village,"Fantasy, Kids",TV,26,5.67,210
10013,Shouwa Monogatari (Movie),"Drama, Historical",Movie,1,6.49,878
21471,Mirai Koushi Harima SACLA,"Music, Sci-Fi",ONA,1,5.58,577
96,Mobile Fighter G Gundam,"Adventure, Comedy, Drama, Martial Arts, Mecha, Romance, Sci-Fi, Space, Sports",TV,49,7.62,36338
10407,Shimanchu MiRiKa,Slice of Life,Special,1,5.72,267
28861,Takamiya Nasuno Desu!: Teekyuu Spin-off,"Comedy, Shounen",TV,12,6.57,8213
21547,Shin Choubakumatsu Shounen Seiki Takamaru,"Action, Comedy, Fantasy",OVA,6,5.0,69
2028,Zettai Muteki Raijin-Oh (1992),"Mecha, Sci-Fi, Shounen",OVA,4,6.68,224
12049,Fairy Tail Movie 1: Houou no Miko,"Action, Adventure, Comedy, Fantasy, Magic, Shounen",Movie,1,7.7,77560
31853,Biohazard: Vendetta,"Action, Horror, Sci-Fi",Movie,1,,2290
1840,Zero no Tsukaima: Futatsuki no Kishi,"Action, Adventure, Comedy, Ecchi, Fantasy, Harem, Magic, Romance, School",TV,12,7.73,235684
31476,Wake up!! Tamala,"Fantasy, Psychological",Movie,1,5.54,123
23787,Hi☆sCoool! SeHa Girls,"Comedy, Game",TV,13,6.6,7440
28109,Kuzuryuugawa to Shounen,"Drama, Historical",OVA,1,7.75,61
25641,Monotonous Purgatory,Music,Music,1,6.3,515
25283,Kuusen Madoushi Kouhosei no Kyoukan,"Action, Drama, Fantasy, Magic, School",TV,12,6.57,81870
75,Soukyuu no Fafner: Dead Aggressor,"Action, Drama, Mecha, Military, Sci-Fi",TV,25,7.38,27516
1115,Handsome Girl,"Romance, Shoujo",OVA,1,5.95,1734
3652,Higurashi no Naku Koro ni Rei,"Comedy, Mystery, Psychological, Supernatural, Thriller",OVA,5,7.56,99463
16241,"Yondemasu yo, Azazel-san. Z","Comedy, Demons, Supernatural",TV,13,7.65,20640
11979,Mahou Shoujo Madoka★Magica Movie 2: Eien no Monogatari,"Drama, Magic, Psychological, Thriller",Movie,1,8.49,85361
1588,Mamoru-kun ni Megami no Shukufuku wo!,"Comedy, Romance, School",TV,24,7.21,16922
32899,Watashi ga Motete Dousunda,"Comedy, Harem, Romance, School, Shoujo",TV,12,7.64,57638
31530,Classroom☆Crisis Special,"School, Sci-Fi",Special,1,6.5,2738
9005,To Heart 2 Adnext,"Comedy, Harem, Romance",OVA,2,6.95,2826
31196,Cardfight!! Vanguard G: GIRS Crisis-hen,"Action, Game, Shounen",TV,26,7.07,3060
30016,Nanbaka,"Action, Comedy, Drama",TV,13,7.19,57325
22575,Ahiru no Pekkle no Minikui Ahiru no Ko,"Fantasy, Kids",OVA,1,5.25,114
3058,Darling,Hentai,OVA,3,6.69,3600
33878,"Kochira Katsushikaku Kameari Kouenmae Hashutsujo: Ryoutsu no Asakusa Rinyuuaru Daisakusen!! - Aa, Om","Comedy, Police",Special,1,7.05,101
19983,Shounen Ninja Kaze no Fujimaru: Nazo no Arabiya Ningyou,"Action, Adventure, Samurai, Shounen",Movie,1,5.8,90
2460,Maison Ikkoku: Kanketsu-hen,"Comedy, Drama, Romance",Movie,1,7.49,3109
6055,F,"Cars, Shounen, Sports",TV,31,6.93,816
13431,Himitsukessha Taka no Tsume NEO,"Comedy, Parody, Super Power",TV,38,6.62,151
11977,Mahou Shoujo Madoka★Magica Movie 1: Hajimari no Monogatari,"Drama, Magic, Psychological, Thriller",Movie,1,8.31,88164
7244,Hyakka Zukan,Comedy,Movie,1,5.56,446
7712,Kansen 2: Inzai Toshi,Hentai,OVA,2,6.55,2754
30829,Love Live! School Idol Project 2nd Season Recap,"Music, School, Slice of Life",OVA,1,7.5,3213
659,Azumanga Daioh: Gekijou Tanpen,"Comedy, School, Slice of Life",Special,1,7.11,28941
33377,Trickster: Edogawa Ranpo &quot;Shounen Tanteidan&quot; yori,Mystery,TV,24,6.64,52260
29293,Isu,Dementia,Movie,1,4.79,259
8815,Domo TV,Comedy,TV,26,6.57,832
11813,Shijou Saikyou no Deshi Kenichi OVA,"Action, Comedy, Martial Arts, School, Shounen",OVA,11,8.02,24167
1921,Urusei Yatsura Movie 2: Beautiful Dreamer,"Action, Adventure, Comedy, Drama, Romance, Sci-Fi",Movie,1,7.89,5663
26219,Tabidachi no Hi ni,"Drama, Kids",OVA,1,8.33,44
8752,Message Song,Music,Music,1,5.55,168
6690,Anata dake Konbanwa,Hentai,OVA,5,6.88,3338
21525,Geba Geba Shou Time!,Comedy,OVA,1,5.0,50
12677,Ozma,"Action, Sci-Fi",TV,6,6.17,11556
32618,Hietsuki Bushi,"Fantasy, Music, Sci-Fi",Music,1,5.79,103
1459,Uchuu no Kishi Tekkaman Blade,"Action, Adventure, Drama, Mecha, Military, Romance, Sci-Fi, Shounen, Space",TV,49,7.58,8546
9724,Break Blade 5: Shisen no Hate,"Action, Mecha, Military, Shounen",Movie,1,7.96,40053
33964,91 Days Recap,"Action, Drama, Historical",Special,1,6.35,9453
12365,Bakuman. 3rd Season,"Comedy, Drama, Romance, Shounen",TV,25,8.71,133620
4640,Maroko,"Comedy, Sci-Fi",Movie,1,6.66,353
4617,Nana Toshi Monogatari: Hokkyokukai Sensen,"Drama, Sci-Fi",OVA,2,6.49,1085
22785,Sono Hanabira ni Kuchizuke wo: Risa x Miya Gekijou,"Comedy, Romance, School, Shoujo Ai, Slice of Life",ONA,10,6.6,2291
9733,The TV Show,Music,Music,1,7.21,2066
1573,Kishin Douji Zenki,"Action, Comedy, Drama, Ecchi, Fantasy, Horror, Magic, Shounen",TV,51,7.09,5936
31456,Code:Realize: Sousei no Himegimi,"Adventure, Fantasy, Romance, Shoujo",,Unknown,,4017
20649,Kimi no Iru Machi OVA,"Drama, Romance, Slice of Life",OVA,2,7.21,9866
5571,Shining May,Hentai,OVA,1,5.7,238
29681,Odoroki Ban,Dementia,Movie,1,4.94,148
33484,Shiroi Zou,"Action, Historical, Kids",Movie,1,4.71,45
32521,Super Mario World: Mario to Yoshi no Bouken Land,"Comedy, Game, Kids",OVA,1,6.02,163
20205,Yama ni Kagayaku: Guide-ken Heiji Gou,"Drama, Slice of Life",Special,1,6.2,67
2284,Transformers: Car Robots,"Adventure, Comedy, Mecha, Sci-Fi, Shounen",TV,39,6.72,2524
2462,Toushinden,"Action, Martial Arts",OVA,2,5.43,2400
28143,Ochou Fujin no Gensou,"Drama, Historical",Movie,1,4.24,156
13375,Kyoto Animation: Sora-hen,Slice of Life,Special,1,5.67,2306
223,Dragon Ball,"Adventure, Comedy, Fantasy, Martial Arts, Shounen, Super Power",TV,153,8.16,316102
5935,Animation Kikou: Marco Polo no Bouken,"Adventure, Historical",TV,43,6.54,249
29365,"Mirai e no Niji: Boku no Ojisan wa, Hansen-byou","Drama, Kids",OVA,1,8.5,45
33326,Aftermath,"Drama, Military, Music",Music,1,6.33,258
3990,Kumo to Tulip,Adventure,Movie,1,5.94,843
19255,Hyakka Ryouran: Samurai Bride Specials,"Comedy, Ecchi",Special,6,6.68,6337
30825,Gakkou no Kaidan: Kubinashi Rider!! Shi no Noroi,"Horror, Mystery, Supernatural",Special,1,7.08,2601
13369,Cornelis,Comedy,Movie,1,5.53,202
6000,Haruwo,Action,OVA,1,4.72,493
2025,Darker than Black: Kuro no Keiyakusha,"Action, Mystery, Sci-Fi, Super Power",TV,25,8.25,440334
4786,Kodomo no Jikan Recap,"Comedy, Ecchi, School",OVA,1,7.09,8228
3196,Wakakusa no Charlotte,"Drama, Historical, Kids, Shoujo, Slice of Life",TV,30,6.99,1019
24459,Tales of Zestiria: Doushi no Yoake,Fantasy,Special,1,7.52,23484
4393,Kokka Kimigayo,"Historical, Music",Movie,1,4.96,755
10697,Asa kara Zusshiri Milk Pot,Hentai,OVA,2,6.12,3821
7626,Umi no Triton (1979),"Adventure, Fantasy, Shounen",Movie,2,6.52,235
12833,Ushiro no Hyakutarou,"Horror, School, Supernatural",OVA,2,5.85,89
30749,Saijaku Muhai no Bahamut,"Action, Ecchi, Fantasy, Harem, Mecha, Romance, School, Supernatural",TV,12,6.87,94430
1162,Maze☆Bakunetsu Jikuu,"Adventure, Comedy, Fantasy, Mecha, Shounen",OVA,2,6.34,1835
18747,Hotaru Kagayaku,"Drama, Kids",OVA,1,5.9,70
5070,Beast Wars Second Chou Seimeitai Transformers,"Action, Mecha, Sci-Fi",TV,43,6.55,1327
20077,Dotanba no Manners,"Comedy, Slice of Life",TV,283,6.75,75
4158,Dore Dore no Uta,Music,Music,1,6.05,1658
2138,Kage (OVA),"Action, Hentai, Historical, Martial Arts",OVA,4,6.47,3176
1417,Lupin III: Moeyo Zantetsuken!,"Action, Adventure, Comedy, Shounen",Special,1,7.25,3456
776,Nanaka 6/17,"Comedy, Drama, Romance, Shounen, Slice of Life",TV,12,6.75,5702
16740,Hanamaru Youchien Special Preview,"Comedy, School",Special,1,6.4,1093
10351,Tenchi Muyou! Ryououki 2nd Season Picture Drama,"Comedy, Sci-Fi, Shounen, Space",Special,1,7.18,3626
985,Dragon Ball Z Special 2: Zetsubou e no Hankou!! Nokosareta Chousenshi - Gohan to Trunks,"Adventure, Drama, Fantasy, Shounen",Special,1,7.82,43673
4537,Yagami-kun no Katei no Jijou,Comedy,OVA,3,6.5,647
26447,Uchuusen Sagittarius Pilot,"Adventure, Sci-Fi",Special,1,5.67,78
9829,Yonimo Osoroshii Nihon Mukashibanashi,"Dementia, Horror, Psychological",OVA,3,6.12,655
11729,Space Neko Theater,Comedy,ONA,1,5.38,584
32755,Gregorio,Music,Music,1,5.9,89
14889,Ebiten: Kouritsu Ebisugawa Koukou Tenmonbu OVA,"Comedy, Ecchi, Parody, School, Shounen",OVA,1,6.5,3456
4262,Koihime†Musou,"Action, Adventure, Fantasy, Historical, Martial Arts",TV,12,6.88,32176
26275,Tokugawa Iemitsu to Edo Bakufu,"Drama, Historical, Kids, Samurai",OVA,1,6.33,50
10967,Circuit no Ookami II: Modena no Ken,"Cars, Seinen",OVA,1,5.48,165
18055,Hakkenden: Touhou Hakken Ibun 2nd Season,"Action, Fantasy, Shoujo, Supernatural",TV,13,7.82,33466
1601,Red Garden,"Drama, Mystery",TV,22,7.22,27169
2966,Ookami to Koushinryou,"Adventure, Fantasy, Historical, Romance",TV,13,8.37,334932
8520,Biriken,"Comedy, Kids",TV,32,5.22,102
10573,Prince of Tennis: Another Story II - Ano Toki no Bokura,"Shounen, Sports",OVA,4,7.71,6005
26117,Kokoroya,"Kids, Psychological, Sci-Fi",OVA,1,8.0,66
944,The Third: Aoi Hitomi no Shoujo,"Action, Adventure, Sci-Fi, Seinen",TV,24,7.4,14304
30093,Ball yo Doko e Yuku,Comedy,ONA,1,3.89,114
32926,Duel Masters: Hamukatsu to Dogiragon no Curry-pan Daibouken,"Action, Adventure, Comedy, Shounen",Movie,1,4.25,108
2474,Ginga Ojousama Densetsu Yuna: Shin&#039;en no Fairy,"Action, Adventure, Comedy, Magic, Mecha, Sci-Fi",OVA,3,6.4,1256
33219,Kagerou Daze: In a Day&#039;s,"Comedy, Magic, Romance, Sci-Fi, Slice of Life, Supernatural",Movie,1,7.29,7178
10060,Sore Ike! Anpanman: Sora Tobu Ehon to Glass no Kutsu,"Comedy, Fantasy, Kids",Movie,1,5.93,115
31810,Amakano,Hentai,OVA,Unknown,7.04,2695
327,Puchi Puri Yuushi,"Comedy, Fantasy, Magic, Shoujo",TV,26,7.54,8030
2380,Tokubetsu Jugyou 2,Hentai,OVA,2,5.8,1183
33077,Terajima-chou Kidan: Ginnagashi,Historical,OVA,1,7.0,34
31631,Monster Hunter Stories: Ride On,Fantasy,TV,48,6.03,6848
30249,Balgwanghaneun Hyeondaesa,Drama,Movie,1,6.57,195
73,Full Metal Panic! The Second Raid,"Action, Mecha, Military",TV,13,8.06,155340
2383,Cybersix,"Action, Adventure, Romance, Sci-Fi",TV,13,7.36,3607
23779,Akuma to Himegimi,"Comedy, Shoujo",Movie,1,4.88,111
9522,Zero Tester: Chikyuu wo Mamore!,"Action, Adventure, Mecha, Sci-Fi",TV,28,5.23,137
5889,DragonBlade,"Action, Fantasy",Movie,1,5.95,427
23651,Hanawa Hekonai Kappa Matsuri,"Comedy, Kids",Movie,1,6.6,72
6574,Hanamaru Youchien,"Comedy, Seinen, Slice of Life",TV,12,7.45,40243
33138,Nama Lo Re: Namakemono The Animation,Hentai,OVA,1,6.43,1529
23133,M3: Sono Kuroki Hagane,"Action, Drama, Mecha, Mystery, Psychological, Sci-Fi",TV,24,6.72,38301
29851,Nekoronde Mite ne.,Comedy,ONA,14,3.43,54
1568,Sumomomo Momomo: Chijou Saikyou no Yome,"Comedy, Martial Arts, Romance",TV,22,7.08,31385
31324,Grisaia no Meikyuu Special,Ecchi,Special,1,7.47,16648
30125,Bad Badtz-Maru no Otoko Dokyou no Omoiyari,Comedy,OVA,1,4.89,56
4182,Darker than Black: Kuro no Keiyakusha Special,"Comedy, Parody, Sci-Fi",Special,1,7.65,87609
574,Rean no Tsubasa,"Fantasy, Mecha, Sci-Fi",ONA,6,5.89,2228
11579,Jubilee,"Dementia, Music",Music,1,5.28,460
8486,Kihei Senki Legacies,"Fantasy, Mecha",ONA,1,4.7,676
2090,Choujikuu Seiki Orguss 02,"Action, Adventure, Mecha, Romance, Sci-Fi, Shounen",OVA,6,6.98,1556
27961,Science Anime: Choudendou Monogatari,"Historical, Kids",Special,1,8.0,42
773,Tenamonya Voyagers,"Adventure, Comedy, Ecchi, Mecha, Sci-Fi",OVA,4,6.3,1755
2388,Tachiguishi Retsuden,Comedy,Movie,1,6.26,445
1731,Tales of Symphonia The Animation: Sylvarant-hen,"Action, Adventure, Fantasy, Magic, Martial Arts, Shounen",OVA,4,7.29,35730
33885,Hane (2016),Music,Music,1,5.24,66
15015,Shin Koihime†Musou: Otome Tairan OVA Omake,"Adventure, Comedy, Fantasy",Special,1,6.61,1035
33731,Gabriel DropOut,"Comedy, School, Shounen, Supernatural",TV,Unknown,,4139
31113,Puchitto Furikaerintia,"Action, Adventure, Mecha, Sci-Fi",Special,1,6.33,1003
33237,Romangeun Eobsda,Drama,Movie,1,6.0,53
23661,Glass no Chikyuu wo Sukue Unico Tokubetsu-hen,"Fantasy, Kids",Movie,1,6.61,148
10797,Kayoe! Chuugaku,"Comedy, School",TV,Unknown,6.77,166
19467,Revbahaf Wang-gug Jaegeon-soelgi,"Comedy, Drama, Shoujo",TV,26,6.13,241
15687,Chuunibyou demo Koi ga Shitai! Lite,"Comedy, School",ONA,6,7.32,60139
7882,Ramen Tenshi Pretty Menma,"Comedy, Magic, Parody",Special,1,4.82,2889
1104,Shinkon Gattai Godannar!! 2nd Season,"Comedy, Ecchi, Mecha, Romance, Sci-Fi",TV,13,7.09,4865
33909,Marine Dreamin&#039;,Music,Music,1,5.63,126
29545,Santa Claus Tsukamaeta!,"Fantasy, Kids",OVA,1,5.75,42
28071,Itsumo Kokoro ni Taiyou wo!,"Comedy, Ecchi",TV,16,5.75,96
33154,Osiris no Tenbin: Season 2,"Drama, Supernatural, Thriller",ONA,11,6.08,250
6919,X-Men,"Action, Drama, Super Power",TV,12,6.51,15653
2952,Final Fantasy VII: Advent Children Complete,"Action, Fantasy, Super Power",OVA,1,8.17,77111
23857,Go! Go! Kadendanshi 2nd Season,"Action, Seinen",ONA,78,5.25,82
31669,Takamiya Nasuno Desu!: Teekyuu Spin-off Specials,"Comedy, Shounen",Special,2,6.24,885
32345,Celebration and Chorale,Music,Movie,1,5.28,93
48,.hack//Sign,"Adventure, Fantasy, Game, Magic, Mystery, Sci-Fi",TV,26,7.14,110304
2615,Otome wa Boku ni Koishiteru Special,"Comedy, Romance, School",Special,1,6.76,9347
27663,Baby Steps 2nd Season,"Romance, School, Shounen, Sports",TV,25,8.2,36251
2646,Dorami &amp; Doraemons: Robot School&#039;s Seven Mysteries,Fantasy,Movie,1,6.98,569
22637,Kero Kero Keroppi no Tomodachi ni Narou yo,"Fantasy, Kids",OVA,1,5.92,70
32887,Dungeon ni Deai wo Motomeru no wa Machigatteiru Darou ka Gaiden: Sword Oratoria,"Action, Adventure, Comedy, Fantasy",TV,Unknown,,12406
34140,Eyedrops,Space,ONA,4,4.83,65
30395,Kuripuri*Kuripura,Comedy,Movie,1,3.2,104
27681,Sasurai-kun,"Comedy, Slice of Life",TV,13,6.0,57
16067,Nagi no Asukara,"Drama, Fantasy, Romance",TV,26,8.32,224947
33474,Haha wo Tazunete Sanzenri (Movie),"Adventure, Drama, Historical, Slice of Life",Movie,1,6.81,105
3736,Parappa the Rapper,"Comedy, Fantasy",TV,30,5.85,1199
30745,Kyoukai no Kanata Movie: I&#039;ll Be Here - Kako-hen - Yakusoku no Kizuna,Music,Special,1,7.92,10306
30024,SOS Kochira Chikyuu,"Drama, Kids",Movie,1,6.25,41
9826,Okubyou na Venus,Music,OVA,1,5.85,223
1207,Wata no Kuni Hoshi,"Drama, Fantasy, Psychological, Romance, Shoujo",Movie,1,7.15,1835
229,Ninin ga Shinobuden,"Comedy, Martial Arts, Parody",TV,12,7.03,23125
13047,Anime Koukyoushi: Jungle Taitei,"Adventure, Kids, Shounen",OVA,1,6.85,407
10445,Perfect Day,Music,Music,1,7.59,7743
32732,Teo the Magic Planet Pilot,"Adventure, Fantasy",Special,1,4.27,42
17501,Abe George Kattobi Seishun Ki: Shibuya Honky Tonk,"Drama, Ecchi",OVA,4,4.79,175
18479,Bishoujo Animerama: Minami no Watashi no Heart ni Tacchi Shite...,"Hentai, Romance",OVA,1,3.49,213
34491,Sagurare Otome The Animation,Hentai,OVA,1,,79
20127,Kariage-kun,"Comedy, Seinen, Slice of Life",TV,59,6.5,79
32805,Nyanbo!,Comedy,TV,26,6.16,2886
4495,Hyakkiyakou: Warashi,Hentai,OVA,1,5.5,281
30885,Noragami Aragoto OVA,"Action, Adventure, Shounen",OVA,2,8.12,58075
15411,Arcana Famiglia: Capriccio - stile Arcana Famiglia,"Romance, Shoujo",OVA,1,6.97,12690
856,Utawarerumono,"Action, Drama, Fantasy, Sci-Fi",TV,26,7.78,91034
19703,Kyousou Giga (TV),"Action, Fantasy, Supernatural",TV,10,7.95,67732
31605,Kana Kana Kazoku: Kakusan Mare Bo ! 1-Wa-5-wa oo Matome Koukai… Ka na?,Comedy,ONA,1,5.11,44
19505,Kaizoku Ouji,"Adventure, Shounen",TV,31,7.0,98
4556,Mirai Choujuu Fobia,"Hentai, Horror",OVA,2,5.13,517
19811,Waanabi.jk,"Comedy, School, Slice of Life",Special,2,5.1,579
10743,Tora-chan no Kankan Mushi,Drama,Movie,1,5.29,335
4700,Visionary,Hentai,OVA,5,5.48,858
280,Animal Yokochou,"Adventure, Comedy, Fantasy, Shoujo",TV,51,7.04,1511
32803,Dreaming Pupa: Yumemiru Bokura,Music,Music,1,5.2,96
1629,Devilman Lady,"Action, Drama, Horror, Psychological",TV,26,6.92,8665
10460,Kimi to Boku.,"Comedy, Drama, Romance, School, Shounen, Slice of Life",TV,13,7.85,86196
29919,Fushigi na Taiko,Kids,Movie,1,5.24,124
1727,Shinkyoku Soukai Polyphonica,"Drama, Fantasy, Music, Romance, School",TV,12,6.97,22282
8250,Soukou Kihei Votoms: Koei Futatabi,"Action, Drama, Mecha, Military, Sci-Fi",OVA,1,7.15,1590
1479,City Hunter: Kinkyuu Namachuukei!? Kyouakuhan Saeba Ryou no Saigo,Shounen,Special,1,7.6,2506
34176,Zero kara Hajimeru Mahou no Sho,"Action, Fantasy",TV,Unknown,,7716
34119,Escalator-jou no Hokou no Kiken-sei,Drama,Special,1,3.33,37
31769,Kojiki: Hyuuga-hen,Historical,Movie,1,5.86,148
25969,Clock,Dementia,Special,1,4.04,84
4101,Wan Wan Celepoo Soreyuke! Tetsunoshin,"Comedy, Fantasy, Kids",TV,51,6.81,432
34332,Flying Babies,,,Unknown,,22
2384,Yakusai Kochou,"Comedy, Ecchi, Supernatural",OVA,1,5.69,1025
3935,Karakuri Kiden: Hiwou Senki,"Action, Adventure, Historical, Mecha",TV,26,6.82,719
435,Magic Knight Rayearth,"Adventure, Comedy, Drama, Fantasy, Magic, Mecha, Romance, Shoujo",TV,20,7.53,34141
12361,Track City,"Action, Cars",TV,26,6.48,393
4581,Shikabane Hime: Aka,"Action, Horror, Martial Arts",TV,13,7.38,71502
20141,Lupin III: Princess of the Breeze - Kakusareta Kuuchuu Toshi,"Action, Adventure, Comedy, Shounen",Special,1,7.11,2083
30384,Miss Monochrome: The Animation 2,"Comedy, Music, Slice of Life",TV,13,6.61,12064
7083,Hakushaku to Yousei Specials,"Adventure, Fantasy, Historical, Magic",Special,6,6.53,5142
1771,Ring ni Kakero 1: Nichibei Kessen-hen,"Action, Shounen, Sports",TV,12,6.85,1037
2135,"Sora no Iro, Mizu no Iro",Hentai,OVA,2,7.22,9633
9007,Sore Ike! Anpanman: Black Nose to Mahou no Uta,"Comedy, Fantasy, Kids",Movie,1,5.74,132
1854,Rockman Hoshi ni Negai wo,"Action, Adventure, Sci-Fi",OVA,3,6.59,1979
1303,The Animatrix,"Action, Drama, Sci-Fi",OVA,9,7.34,42831
22049,Just Awake,"Action, Music, Sci-Fi",Music,1,6.52,1057
2059,Mainichi ga Nichiyoubi,"Comedy, Romance",OVA,6,6.35,735
3518,Ginga no Uo Ursa Minor Blue,"Fantasy, Kids",OVA,1,6.33,1568
9587,Oniichan no Koto nanka Zenzen Suki ja Nai n da kara ne!!,"Comedy, Ecchi, Harem, Romance",TV,12,6.34,51637
10457,JK to Inkou Kyoushi 4,Hentai,OVA,2,6.82,3914
363,Memories Off 3.5,"Drama, Romance",OVA,4,6.45,2321
1386,Blood Royale,Hentai,OVA,2,5.84,3047
11497,Sore Ike! Zukkoke Sannin-gumi,"Comedy, Kids, School",TV,26,7.0,86
30072,Hito no Kita Tooku Nagai Michi,Historical,Movie,1,4.92,78
13807,Corpse Party: Missing Footage,"Horror, School",OVA,1,6.38,57507
21603,Mekakucity Actors,"Comedy, Romance, Sci-Fi, Super Power, Supernatural",TV,12,7.21,198876
3417,Yawaraka Sangokushi Tsukisase!! Ryofuko-chan,"Comedy, Ecchi, Magic",OVA,4,6.51,3560
2552,Tetsuko no Tabi,"Comedy, Seinen, Slice of Life",TV,13,6.63,1292
20999,Mini Van Special,"Comedy, Game, Parody, Slice of Life",Special,1,6.81,387
6971,Gegege no Kitarou (1971),"Adventure, Demons, Super Power, Supernatural",TV,45,6.84,556
1349,A.D. Police (TV),"Action, Mecha, Sci-Fi, Shounen",TV,12,6.16,5547
2057,Ojousama Sousamou,"Action, Comedy, Mystery, Police",OVA,1,5.14,1427
30896,Love Live! School Idol Project: μ&#039;s →NEXT LoveLive! 2014 - Endless Parade Encore Animation,Comedy,Special,1,7.13,1733
1487,.hack//Unison,"Adventure, Comedy, Fantasy, Game, Magic, Sci-Fi",Special,1,6.86,16411
33004,Tanaka-kun wa Kyou mo Kedaruge,"Comedy, School",Special,35,7.26,10434
17641,Date A Live: Date to Date,"Comedy, Harem, Romance, School, Sci-Fi",OVA,1,7.55,68328
8857,Nichijou: Nichijou no 0-wa,"Comedy, School, Slice of Life",OVA,1,7.37,37342
23763,Manga Aesop Monogatari,"Adventure, Fantasy, Kids",Movie,1,5.87,81
1124,Seikai no Danshou: Tanjou,"Military, Romance, Sci-Fi, Space",Special,1,7.32,5324
1189,Eden&#039;s Bowy,"Action, Adventure, Fantasy, Romance, Sci-Fi",TV,26,6.65,4106
34076,Uchouten Kazoku 2,"Comedy, Drama, Fantasy, Slice of Life",TV,Unknown,,5934
31563,"Ano Hi, Bokura wa Senjou de: Shounenhei no Kokuhaku",Historical,Special,1,7.12,122
2128,Yuusha Raideen,"Action, Adventure, Mecha, Sci-Fi, Shounen",TV,50,6.87,989
17295,Cosmic Break,"Drama, Game, Mecha",ONA,4,6.32,280
30921,Kacchikenee!,Supernatural,Movie,1,6.28,855
3219,Gakuen Utopia Manabi Straight! Special,"Comedy, School, Sci-Fi, Slice of Life",Special,1,7.24,4800
1094,One Piece: Umi no Heso no Daibouken-hen,"Action, Adventure, Comedy, Fantasy, Shounen, Super Power",Special,1,7.44,19649
7054,Kaichou wa Maid-sama!,"Comedy, Romance, School, Shoujo",TV,26,8.26,391628
34077,Cardfight!! Vanguard G: Next,"Action, Game, Shounen",TV,Unknown,7.16,1363
17843,Inferno Cop: Fact Files,"Action, Comedy, Police",ONA,12,5.48,3846
23351,Youkaiden Nekome Kozou,"Adventure, Horror, Psychological, Seinen, Supernatural",TV,25,8.0,153
12917,Madang-Eul Naon Amtalg,"Adventure, Drama, Fantasy, Kids",Movie,1,7.97,1528
1147,Tenchi Muyou! Ryououki 3rd Season: Tenchi Seirou naredo Namitakashi?,"Action, Comedy, Harem, Sci-Fi, Shounen, Space",OVA,1,7.39,6870
3506,Connected,"Dementia, Music, Sci-Fi",Music,1,6.24,2697
3089,The Sky Crawlers,"Drama, Military",Movie,1,7.4,32660
19841,Super Seisyun Brothers,"Comedy, Josei, Slice of Life",TV,14,7.0,18072
32152,Closers: Side Blacklambs,"Fantasy, Game",ONA,12,,2306
3603,JoJo no Kimyou na Bouken: Phantom Blood,"Action, Adventure, Horror, Shounen, Vampire",Movie,1,7.77,8534
6522,Usahana: Yumemiru Ballerina,Kids,Special,7,5.76,125
31829,Sinbad: Mahou no Lamp to Ugoku Shima,Adventure,Movie,1,6.17,622
1432,Lupin III: Fuuma Ichizoku no Inbou,"Action, Adventure, Comedy, Shounen",Movie,1,7.38,4018
94,Mobile Suit Gundam Seed Destiny,"Action, Drama, Mecha, Military, Romance, Sci-Fi, Space",TV,50,7.36,65896
6707,Kuroshitsuji II,"Action, Comedy, Demons, Fantasy, Shounen, Supernatural",TV,12,7.55,234955
1285,Soukihei MD Geist,"Mecha, Military, Sci-Fi",OVA,1,5.42,7802
477,Aria The Animation,"Fantasy, Sci-Fi, Shounen, Slice of Life",TV,13,7.79,76913
32423,Pretty x Cation The Animation,Hentai,OVA,2,7.2,2636
3220,Kanashimi no Belladonna,"Drama, Hentai",Movie,1,7.28,6599
4981,Casshern Sins,"Action, Adventure, Drama, Psychological, Sci-Fi",TV,24,7.61,80307
2289,Akihabara Dennou-gumi: 2011-nen no Natsuyasumi,"Adventure, Comedy, Mecha, Sci-Fi",Movie,1,6.93,1396
31686,Shigeru,"Comedy, Dementia",ONA,1,3.86,411
693,Burn Up Scramble,"Action, Comedy, Drama, Ecchi, Police, Sci-Fi, Shounen",TV,12,6.34,5899
18195,Little Busters!: Refrain,"Comedy, Drama, Romance, School, Slice of Life, Supernatural",TV,13,8.36,71820
15993,Ginga e Kickoff!!: Natsuyasumi Special,Sports,Special,1,6.19,762
1851,Haou Daikei Ryuu Knight: Adeu Legend Final,"Adventure, Comedy, Fantasy, Mecha, Parody",OVA,1,6.49,435
188,Gosenzo San&#039;e,"Comedy, Hentai, Mystery, Supernatural",OVA,4,6.38,1222
11355,"Kono Danshi, Uchuujin to Tatakaemasu.","Action, Fantasy, Shounen Ai, Super Power, Supernatural",OVA,1,7.1,12732
8337,Shoka,"Action, Fantasy, Historical",Special,1,6.11,3355
33769,Imouto to Sono Yuujin ga Ero Sugite Ore no Kokan ga Yabai,Hentai,OVA,Unknown,6.82,1307
2070,Guy: Youma Kakusei,"Action, Hentai, Sci-Fi, Space",OVA,2,5.84,888
11447,Yuureisen,Supernatural,Movie,1,5.7,609
23079,Glasslip,"Romance, Slice of Life, Supernatural",TV,13,5.54,94108
1837,Dokkoida,"Action, Adventure, Comedy, Parody, Sci-Fi, Shounen",TV,12,6.98,3462
6901,Battle Spirits: Shounen Gekiha Dan,"Action, Game, Shounen",TV,50,7.3,1135
29583,Kuroko no Basket: Oshaberi Demo Shimasen ka,"Comedy, School, Shounen, Sports",Special,1,7.47,8011
3120,Bobby ni Kubittake,"Drama, Romance, Slice of Life",Movie,1,6.33,1470
33086,Uchuu Neko: Mardock no Bouken,"Adventure, Comedy, Space",ONA,4,3.82,70
14367,Tenshi na Konamaiki Specials,Shounen,Special,13,6.18,504
19749,Naniwa Yuukyouden: Kyouretsu! Ana ga Attara Iretai-hen,"Action, Comedy",OVA,1,7.14,60
18449,Mobile Suit Gundam Battlefield Record: Avant-Title,"Mecha, Sci-Fi, Space",ONA,1,6.32,1169
13731,Eureka Seven: New Order,"Adventure, Drama, Mecha, Romance, Sci-Fi",Special,1,6.77,5900
30296,Rakudai Kishi no Cavalry,"Action, Ecchi, Fantasy, Romance, School",TV,12,7.78,188685
24085,Shura ga Yuku,"Drama, Seinen",OVA,1,5.4,75
14317,Computer Kakumei: Saikyou x Saisoku no Zunou Tanjou,Sci-Fi,Special,1,6.6,5171
8443,Mahou no Star Magical Emi: Semishigure,"Comedy, Magic, Shoujo",OVA,1,6.06,337
22035,Sore Ike! Anpanman: Lyrical☆Magical Mahou no Gakkou,"Comedy, Fantasy, Kids",Movie,1,4.94,89
25057,Kaba Enchou no Doubutsuen Nikki,"Comedy, Drama, Kids",Special,1,5.67,50
10995,Ganbare!! Nattou-san,Comedy,TV,4,5.75,84
1863,Silk Road Shounen Yuuto,"Adventure, Fantasy, Historical",TV,26,5.92,235
12029,Uchuu Senkan Yamato 2199,"Action, Drama, Military, Sci-Fi, Space",OVA,26,8.53,44223
26327,Kitsune to Budou,"Drama, Kids",OVA,1,5.8,70
7491,Dragon Quest Retsuden: Roto no Monshou,"Adventure, Fantasy, Magic, Shounen",Movie,1,6.27,590
9972,Document Taiyou no Kiba Dagram,"Drama, Mecha, Military, Sci-Fi, Shounen",Movie,1,6.32,336
279,Kyougoku Natsuhiko: Kousetsu Hyaku Monogatari,"Fantasy, Historical, Horror, Mystery, Psychological, Supernatural",TV,13,7.27,20859
10536,Kimi ni Todoke 2nd Season Specials,"Comedy, Romance, Shoujo",Special,3,7.42,23498
33564,Armed Blue: Gunvolt,"Action, Sci-Fi, Super Power",OVA,Unknown,,2549
4388,Mazinger Z tai Dr. Hell,"Action, Drama, Mecha, Sci-Fi, Shounen",Movie,1,6.53,630
1314,DT Eightron,"Action, Sci-Fi, Shounen",TV,26,6.46,931
1526,Pokemon Advanced Generation: Mew to Hadou no Yuusha Lucario,"Action, Adventure, Drama, Fantasy, Kids",Movie,1,7.4,46887
4473,Shoujo Sect,"Comedy, Hentai, Romance, Yuri",OVA,3,6.89,16527
13195,"Misenai Namida wa, Kitto Itsuka","Fantasy, Music",Music,1,6.07,279
452,InuYasha: Toki wo Koeru Omoi,"Adventure, Comedy, Demons, Drama, Fantasy, Historical, Romance, Shounen, Super Power",Movie,1,7.69,51354
6951,Yu☆Gi☆Oh!: Chou Yuugou! Toki wo Koeta Kizuna,"Adventure, Game, Shounen",Special,1,7.28,18651
28215,Saint Seiya: Soul of Gold,"Action, Adventure, Fantasy, Sci-Fi, Shounen",ONA,13,7.28,11992
18227,Bakujuu Gasshin Ziguru Hazeru,"Action, Mecha",TV,6,5.78,244
20155,Ro-Kyu-Bu! SS Recap,"Comedy, Ecchi, School, Sports",Special,1,6.6,2148
16468,One Piece: Glorious Island,"Action, Adventure, Comedy, Fantasy, Shounen, Super Power",Special,2,7.35,12922
27907,Gundam Build Fighters Specials,"Comedy, Mecha",Special,3,6.55,1795
2064,Gall Force: Chikyuu Shou,"Action, Mecha, Military, Sci-Fi",OVA,3,6.53,1098
2116,Captain Tsubasa,"Action, Shounen, Sports",TV,128,7.35,36623
30669,Why Re-Mix 2002,Dementia,Movie,1,4.46,124
3381,Fushigi no Umi no Nadia Specials,"Adventure, Sci-Fi",Special,10,6.78,1927
10949,Ghost in the Shell: Stand Alone Complex - Tachikoma no Hibi Fan Disc,"Comedy, Mecha, Sci-Fi",Special,3,6.73,3159
2154,Tekkon Kinkreet,"Action, Adventure, Psychological, Supernatural",Movie,1,8.11,46018
2659,Doraemon Movie 14: Nobita to Buriki no Labyrinth,Fantasy,Movie,1,7.26,1181
1392,Future GPX Cyber Formula 11,"Drama, Sci-Fi, Shounen, Sports",OVA,6,7.52,1116
25883,Taisei Kensetsu: Vietnam Noi Bai Kuukou,Drama,Special,1,6.39,2258
3842,Doubutsu Takarajima,Adventure,Movie,1,6.62,818
29505,Suna Asobi,"Adventure, Kids, Music",Special,1,4.37,69
8100,Mardock Scramble: The First Compression,"Action, Psychological, Sci-Fi",Movie,1,7.63,40698
622,Natsu-iro no Sunadokei,"Drama, Romance, Sci-Fi",OVA,2,6.71,6327
8554,Hashire Melos,"Drama, Historical",Special,1,5.83,338
6645,Chuu Bra!!,"Comedy, Ecchi, School",TV,12,6.34,32470
3586,Isaku,Hentai,OVA,3,5.78,946
29411,12-gatsu no Uta,Kids,Movie,1,5.15,193
14045,Mangirl!,"Comedy, Slice of Life",TV,13,6.05,19015
1219,Chocotto Sister,"Comedy, Drama, Romance",TV,24,6.91,14380
22745,Brothers Conflict Special,"Harem, Romance, Shoujo",Special,1,6.81,10451
28733,Ginga Tetsudou 999 (ONA),"Adventure, Drama, Sci-Fi, Space",ONA,6,6.47,291
2533,D+vine Luv,Hentai,OVA,4,6.49,2241
4411,Mirai Robo Daltanias,"Comedy, Mecha, Shounen, Space",TV,47,6.86,509
9177,Burning Blood,"Shounen, Sports",OVA,3,6.33,257
8667,Koi Hanabi,"Fantasy, Music",Music,1,6.06,235
24719,Shinrabanshou: Tenchi Shinmei no Shou,"Action, Fantasy, Shounen",ONA,1,5.58,326
30036,Tokai no Butchy,"Music, Romance",Movie,1,6.36,64
1751,Jikuu Bouken Nuumamonjaa,"Action, Comedy, Fantasy",OVA,1,5.37,5348
653,Galaxy Angel 3,"Comedy, Sci-Fi",TV,26,7.44,6244
1287,Odin: Koushi Hansen Starlight,"Action, Adventure, Drama, Sci-Fi",Movie,1,5.26,1408
2527,Kotetsu no Daibouken,"Action, Comedy, Ecchi, Fantasy, Magic, Romance, Sci-Fi, Shounen",OVA,2,6.03,1420
10391,Kuragehime: Soreike! Amars Tankentai,"Adventure, Comedy, Josei",Special,6,5.77,6115
21273,Gochuumon wa Usagi Desu ka?,"Comedy, Slice of Life",TV,12,7.6,82999
1339,Cool Devices,Hentai,OVA,11,6.41,3966
10906,Hakoiri Shoujo: Virgin Territory,Hentai,OVA,2,6.02,2971
8494,Kikansha Yaemon: D51 no Daibouken,"Fantasy, Kids",Movie,1,5.31,119
2826,Oz no Mahoutsukai (1986),"Adventure, Fantasy, Kids",TV,52,6.83,1039
29179,Futago no Ookami Daibouken,"Kids, Music",Music,1,4.2,85
25879,Working!!!,"Comedy, Romance, Slice of Life",TV,13,8.18,80763
30187,Sakurako-san no Ashimoto ni wa Shitai ga Umatteiru,Mystery,TV,12,7.49,99665
3370,Natural: Another,"Hentai, Romance",OVA,2,6.12,1059
9689,Agukaru,"Magic, Slice of Life, Supernatural",ONA,5,5.21,955
2788,Stratosphera no Yousei,"Drama, Hentai, Romance, Sci-Fi",OVA,3,5.83,1745
3001,Moyashimon,"Comedy, School, Supernatural",TV,11,7.69,44465
5028,Major S5,"Comedy, Drama, Romance, Sports",TV,25,8.58,28653
10802,MonHun Nikki Girigiri Airou Mura G,"Action, Comedy",TV,13,6.46,311
3382,Korashime,Hentai,OVA,2,6.07,1419
8935,Nekketsu Uchuujin,"Comedy, Sci-Fi",ONA,1,5.37,832
